alias_id,clan_id
495,18
1076,1
4147,25
4639,2
2149,15
1894,6
603,24
2939,1
4292,21
370,5
2152,22
2483,3
2959,15
3416,7
5190,10
4113,28
4291,18
3033,21
713,26
4277,15
2450,16
4879,3
1028,26
1605,17
2898,11
3326,30
1843,26
3062,16
2846,28
1622,23
1170,5
5478,29
3996,20
1651,2
1760,13
2875,22
1519,20
2605,15
1519,30
4560,30
1371,27
1652,18
2594,23
5398,12
3756,1
4399,14
2384,19
2168,30
3607,19
2552,21
2817,5
183,27
3498,16
794,21
5744,8
715,18
2355,11
376,7
4210,28
3957,8
4751,8
3401,13
5750,17
2448,13
2415,16
1148,29
2675,13
3980,18
1828,3
2111,1
3541,6
5058,19
5566,25
2706,10
3697,18
3966,29
114,9
5782,18
924,7
2407,12
3560,22
5226,2
2744,5
549,30
4527,7
5015,13
960,3
2106,11
1223,1
4091,5
4440,28
1791,13
366,15
389,1
3032,15
1197,4
2085,27
4216,7
5783,21
2714,4
703,21
1033,23
5428,14
671,13
4469,9
444,11
2238,28
2369,11
2032,9
1878,24
13,7
3073,25
3475,12
2133,27
4995,11
4414,9
3315,16
3478,9
5029,6
4927,14
1779,28
1554,21
5203,18
4697,17
5144,18
1762,22
3587,29
3236,27
3689,13
3205,8
2486,6
851,14
3169,4
2577,1
4903,1
782,2
4369,19
4678,26
537,7
372,17
3487,25
3395,25
2833,21
2484,24
5687,12
1175,3
103,3
5184,3
5167,28
50,2
3761,23
2551,23
1589,20
3309,10
3165,28
187,26
4589,14
5874,11
3392,2
5664,14
3450,6
5288,7
1619,10
4770,27
5785,3
97,21
3516,22
944,23
3317,23
4124,9
3246,25
1785,30
4450,19
5879,18
5278,24
934,4
2487,21
3953,22
5307,11
3978,24
4807,9
1836,27
1033,24
1348,10
336,28
1114,26
1538,29
3364,29
4016,19
2442,12
315,2
822,23
1840,3
1085,6
1866,6
542,2
287,26
2153,8
997,28
5416,2
1711,25
5894,26
3646,27
436,25
4396,16
1642,14
4184,17
4099,1
578,20
2134,21
4721,24
471,18
5766,29
5993,9
4895,9
4969,27
2151,11
5188,15
121,17
4645,28
1815,6
234,4
94,14
1447,20
1781,28
783,14
1687,9
2525,7
2722,30
5074,13
3118,18
3188,24
2368,18
4498,3
1442,5
3633,16
3319,2
5204,5
1063,22
3941,13
5023,19
5333,21
5003,1
3229,12
5268,4
37,3
3177,5
125,9
1432,25
4956,2
4849,12
2971,15
213,27
2255,30
5822,21
1328,21
2341,4
5763,30
4732,13
1457,23
88,6
3019,22
1044,14
5509,1
103,11
342,23
4058,13
3132,26
4248,9
2224,26
1333,25
3114,10
4698,11
4477,16
2525,1
5558,30
4620,12
5658,24
598,29
3863,12
176,29
3301,16
2833,12
4530,12
5542,15
428,13
2928,22
3457,9
5939,11
5721,12
2762,25
4046,28
474,20
5533,18
197,20
921,24
2800,7
1723,28
5431,18
1605,24
5256,22
1939,12
3056,16
4863,19
1241,7
2686,12
44,2
4840,12
3102,21
4026,9
3369,3
4352,30
2803,25
4311,24
4911,8
4969,6
5999,19
1785,17
5661,5
1687,4
3047,28
1290,29
2071,15
2061,27
699,18
2615,19
2610,18
1786,18
5995,11
4328,16
2308,27
4605,1
4981,22
1094,24
5164,10
4436,6
3504,8
5639,20
870,20
5381,17
5356,9
603,21
5309,11
5152,8
481,3
2524,17
5686,10
3116,9
4910,17
2149,16
3071,9
5883,21
386,21
4166,27
3404,29
2928,3
3448,21
3270,26
2784,25
2312,13
4947,18
2237,23
39,10
2036,11
3629,29
3386,5
5194,10
5981,27
5507,17
1453,27
4538,23
4747,6
270,7
1457,10
5442,16
5003,8
4954,2
3682,26
5077,21
4191,29
1495,9
3320,28
2492,25
2581,8
2635,1
2729,2
1378,4
1815,19
5912,13
3577,25
3048,16
4088,27
2215,13
413,7
1870,10
5115,23
5499,9
4392,21
4523,12
4956,11
1886,5
2051,26
3977,15
5608,1
1374,26
3065,8
3114,9
3101,23
5867,11
4971,10
1360,14
525,2
3132,7
1761,10
2524,13
1135,26
1624,7
1165,20
3402,10
3230,6
1928,30
4245,7
412,29
1110,19
4737,1
4706,25
5743,25
844,8
4988,20
2008,26
3097,16
2030,14
4843,24
2040,7
2179,19
5083,6
4721,20
1634,21
593,11
5874,8
1594,19
778,2
3716,9
1781,14
3117,15
2786,9
3518,24
3378,25
3043,2
92,10
2095,28
2109,29
3616,30
5675,10
4931,8
2311,3
4403,22
2589,9
3971,15
4111,16
2385,4
1663,15
487,17
2601,5
5080,30
372,26
3574,22
2282,14
3901,3
1181,4
5266,12
1561,15
1933,19
4272,14
663,10
1935,6
240,18
1552,28
4775,9
635,17
2682,17
3208,23
2411,27
4519,3
4521,14
5556,16
1590,13
2133,17
3953,29
120,13
2463,2
1508,7
3361,19
5505,18
5132,18
3354,12
3757,21
5686,28
3117,22
2831,22
3450,1
2819,1
514,10
75,27
2457,10
5650,21
138,1
15,7
5691,15
1921,15
3073,4
5906,2
4281,5
1044,3
1206,13
4239,25
3750,18
3495,6
3341,20
3452,7
15,6
126,18
468,17
966,30
3401,7
5673,27
4697,19
2715,21
2962,13
4324,8
1216,9
335,2
520,21
5197,22
3428,23
5649,15
1813,21
2008,17
154,25
4000,1
1109,18
4115,24
2460,30
1317,20
1538,5
3376,27
4270,30
4580,6
202,16
5070,12
1485,2
3569,3
904,2
1272,2
2785,17
3425,23
31,27
3717,15
3740,17
673,10
2755,12
2236,17
4191,1
3843,6
5319,14
356,4
3169,25
5829,17
4655,8
3590,5
3852,17
4506,29
1059,15
303,15
1217,26
2992,19
3022,24
3869,29
1175,8
1183,21
3651,28
4072,28
1994,29
3946,22
3366,13
3390,28
827,3
494,20
1772,2
1920,9
2053,6
2037,24
746,16
1282,1
15,20
2872,2
829,23
804,28
4531,14
5517,26
4070,18
2766,28
1286,13
3392,14
2378,9
5314,30
4875,12
4919,6
5348,30
3998,26
1881,8
665,12
3367,30
1623,9
4926,19
385,12
518,18
1274,26
2094,29
5469,11
5577,20
1028,18
5567,12
394,6
1962,15
907,15
4658,1
301,2
3120,5
3115,6
1716,2
2333,17
1579,16
2639,14
517,29
1367,21
4120,29
4865,3
2645,27
802,23
471,19
2830,3
3260,23
2174,1
3529,26
5950,13
2594,4
352,8
3977,16
1131,29
1841,30
5766,30
5486,16
2754,22
5556,4
225,29
1309,1
1929,2
4753,21
3161,21
1042,10
1618,2
2288,18
3149,23
4788,13
941,25
6,14
476,27
2820,29
675,4
484,15
4459,3
4144,30
2533,14
4957,27
4012,14
1140,17
5379,7
1269,16
3728,22
5,17
1312,4
4463,2
168,5
2532,30
513,11
2111,19
4819,11
490,16
129,17
121,7
599,7
5905,25
5406,12
2420,14
2282,17
17,7
4485,13
3120,15
5505,2
2214,27
4810,4
445,23
668,29
1135,28
2997,5
1707,21
694,6
2669,16
1872,3
5611,24
263,19
1307,1
5529,5
607,7
1670,14
1883,8
3878,4
2526,8
4337,22
2796,3
220,28
3780,24
4771,25
1256,17
4421,7
1803,13
3535,19
1999,14
195,7
2317,8
5419,2
3281,23
5885,10
1295,14
4666,6
3707,29
3984,25
236,26
4581,20
4691,21
5377,1
589,13
2403,22
3992,10
3999,19
2734,1
1691,26
1863,4
4232,29
3034,6
3860,5
872,12
4959,28
948,14
3773,9
5429,2
688,24
1122,13
1565,29
3459,24
3611,9
783,20
4001,5
2498,20
4873,4
2522,6
1807,8
5756,23
2622,24
853,11
4453,9
4447,12
2701,20
5574,1
841,5
783,19
1018,28
105,13
3279,4
1683,25
806,19
2545,15
968,30
4217,12
1013,8
3158,8
50,27
2328,13
4124,3
459,3
3955,5
4228,12
625,4
4941,12
2509,3
3247,10
1247,24
2787,25
4808,21
1674,9
2921,28
3655,22
1482,16
1340,20
4160,21
4830,13
4377,26
362,20
2276,25
2635,10
2178,1
4552,26
4481,2
3074,22
791,5
525,30
5499,19
5159,28
3633,28
3501,9
3822,3
2336,6
5214,30
2217,26
3208,22
1755,20
5527,26
4180,9
1390,12
6000,14
2920,13
2800,25
308,27
5067,16
3130,9
1642,23
3433,22
150,1
4161,28
4190,16
5942,3
2832,6
4604,4
4115,15
669,18
3907,2
846,1
5065,30
4794,16
1022,10
4422,29
2461,30
5296,29
1764,14
500,14
2690,30
5090,24
710,9
4125,7
3420,21
712,8
1242,27
4514,1
559,2
2189,22
5706,10
5176,29
567,22
554,1
4650,11
3161,5
1522,9
4104,8
3525,1
2142,3
4401,7
1185,26
3275,13
1382,9
3578,16
2848,18
1745,5
5959,12
2517,15
3226,7
1788,18
832,1
5020,30
4947,4
5291,5
2507,18
4264,7
3276,13
4185,19
3177,6
3102,22
2010,11
1730,5
5246,13
1847,9
2416,8
2062,22
5129,24
1917,20
3699,17
5104,12
2153,6
5272,12
1623,3
1520,8
5221,29
4660,19
4993,22
363,26
711,8
4096,8
3713,10
525,23
1812,3
2958,25
1088,9
3969,1
4169,8
4382,21
924,18
4011,3
5302,19
1443,3
2817,25
1704,29
5842,21
2814,30
762,23
3529,6
5068,21
3256,4
952,11
242,23
5682,29
1381,9
226,12
5768,1
1101,27
3652,3
3254,24
4555,25
848,12
5574,23
21,10
3720,2
1837,18
4392,2
5637,16
4684,18
5550,19
4517,10
1895,1
1831,27
5180,3
3098,8
316,12
2948,12
874,11
4968,16
5691,27
3904,26
5201,22
3254,6
5312,16
139,8
4854,11
614,3
261,19
97,11
2515,15
2031,17
5161,15
4753,23
4524,17
5598,19
3830,30
2781,9
3820,3
4617,17
224,27
4824,17
3193,26
689,24
950,2
2607,15
3592,17
1225,1
3437,28
5404,27
5685,24
2059,14
2648,20
5540,6
2432,7
473,27
4883,15
2244,10
5788,27
2051,19
1890,7
1207,10
4053,14
4295,27
4055,15
3744,12
5655,3
914,23
5978,1
2330,9
401,30
3092,23
1167,25
4711,7
2391,28
1898,2
4997,18
2571,5
3900,24
5262,22
2388,27
2985,1
4581,3
5661,30
928,15
1587,23
1320,29
2835,19
5366,1
1494,3
4993,2
5408,24
1545,13
1592,28
5249,3
4355,23
4903,21
5784,15
5197,25
3694,30
4714,15
1243,29
2671,28
3706,1
155,17
4580,7
3346,13
1318,30
211,27
2145,3
3641,4
1063,16
4222,2
439,29
1865,22
250,6
5672,19
2787,8
4540,4
1640,7
4491,19
3047,13
3278,8
3996,19
4801,25
4208,27
5914,18
3420,14
3609,25
1202,25
5928,29
359,23
5446,23
5202,2
4384,15
4544,12
2442,9
3065,16
824,7
3005,20
4659,21
2361,24
5617,18
2540,27
3893,29
1704,9
2360,30
1775,10
3365,9
5768,23
4855,22
1073,4
3951,6
506,26
3153,20
3165,15
4749,29
4642,19
2988,23
5390,1
3819,16
2726,14
1909,1
3986,11
4732,29
1675,8
1149,12
522,6
3178,16
3305,29
2095,8
2423,17
2779,23
486,30
2803,9
4821,6
5762,4
5443,5
3742,15
4841,28
2576,6
1224,30
4840,18
3664,7
1733,18
4262,14
3865,6
4784,21
873,26
1742,19
5238,3
3995,6
4348,19
5747,22
1299,11
2751,22
2277,1
3284,9
3322,28
1794,26
5643,25
2507,8
5220,11
912,8
4856,19
4794,7
4948,7
4002,11
571,17
2784,17
5743,15
5293,30
535,7
597,16
4590,26
1724,28
3147,24
2077,4
1392,5
3996,29
5279,27
5918,4
5437,6
2862,19
2710,27
1005,4
1754,23
1614,14
237,2
5199,12
886,8
4634,23
5215,29
140,15
1531,7
5140,21
4874,28
5427,11
2300,14
3074,8
313,29
1738,3
2601,24
2182,20
551,24
127,11
1403,14
42,5
2436,13
1797,12
202,1
3784,24
564,23
5216,28
3164,5
5803,9
3664,27
5372,19
867,12
3657,28
134,5
5391,26
2558,28
742,9
1579,15
3581,1
3219,15
1134,22
3322,19
5230,3
2050,8
1249,5
2877,11
2225,3
248,20
2633,5
1392,17
2691,16
187,25
4350,21
963,27
1456,24
3178,4
1962,22
581,8
4178,1
3155,4
1127,3
5283,22
1417,23
4553,23
1243,8
795,10
3871,13
4671,30
4475,17
3627,13
2300,22
3653,5
3773,6
2205,26
1481,7
1075,21
2272,21
4141,29
4722,7
2860,5
1632,27
4247,15
2123,27
1994,3
497,15
5311,6
5886,25
331,30
5010,19
3476,15
4444,28
4357,12
1634,17
420,14
1873,15
4303,6
4512,3
925,23
1730,30
2979,4
2237,10
2353,14
3333,9
2566,23
4843,26
846,27
4019,1
725,29
5182,3
4140,1
445,30
1321,29
1691,19
3729,29
955,8
1676,5
3694,10
169,23
3934,8
1838,26
5211,29
4306,28
2175,17
5345,27
58,14
5692,18
5283,21
3390,10
3759,1
3381,21
5098,27
1177,23
4432,20
3587,11
1010,3
4572,9
1467,20
3520,28
4852,24
4880,1
3305,30
4899,24
840,22
1794,10
4151,5
4297,26
713,12
1157,30
3857,4
2589,16
1874,8
3257,15
3555,14
2271,13
2911,22
875,25
3956,12
1408,17
2378,25
212,21
5409,12
2368,30
3184,24
2246,16
3031,25
2333,11
4313,22
819,1
4304,4
863,4
5933,5
1059,29
2570,7
1506,6
3214,29
5391,25
1875,27
3616,22
2361,6
4520,23
481,7
5080,26
1546,23
1351,29
4276,7
772,17
5444,23
4769,15
3059,16
2925,15
5145,21
3688,20
2449,4
585,10
1124,6
1604,27
1805,6
1618,4
5867,24
223,12
175,5
4540,8
2567,4
3489,18
1828,24
2632,19
3058,4
4491,25
395,23
5483,6
5877,24
3391,16
4089,8
5180,24
3966,24
545,16
5804,29
1900,26
1108,21
5500,22
1214,28
618,15
4709,17
3486,27
1200,2
5058,8
1971,12
388,9
128,19
4854,2
2923,25
5011,25
583,13
5161,22
5068,17
3662,3
2241,5
2682,11
4692,12
811,22
3497,18
2222,5
1059,26
4667,24
5447,13
3481,11
1895,3
4097,2
614,10
4819,8
5588,17
3295,30
3661,6
1198,29
5580,29
5068,25
2031,11
3412,22
1377,4
2442,26
3135,24
5050,16
472,6
5637,28
3307,27
4418,29
2319,28
5192,8
4319,24
2880,15
5254,22
2199,1
3689,10
2698,26
1961,22
1256,26
1473,6
2582,15
4716,20
763,29
561,8
5656,3
2229,4
741,15
5810,17
4540,16
1403,5
240,3
5577,9
1628,24
1782,18
793,13
3377,15
5507,19
3878,3
1206,27
3492,3
724,29
4832,20
170,17
446,26
3837,13
4207,7
2928,17
4162,9
1824,3
4828,4
4303,11
4637,10
1535,10
4800,10
974,4
3728,18
4895,4
851,20
899,20
1525,10
14,29
204,11
5192,17
2456,6
3309,14
4097,14
1640,21
5969,7
19,23
991,1
3389,2
243,7
351,26
5310,20
1025,30
4909,4
5635,12
2330,30
1492,27
264,25
5584,25
1534,26
4927,6
5866,3
3805,14
5385,22
2500,4
4764,1
4257,25
2054,2
905,22
4900,7
305,16
3141,26
4045,6
484,17
2444,26
889,13
1830,25
1253,6
2580,28
5779,3
5850,27
4714,22
70,28
704,27
1878,16
1429,4
3395,15
2219,21
1900,1
4460,3
3538,29
513,27
3452,21
4952,24
2712,22
1948,17
5624,27
726,6
5097,5
5033,6
5081,22
1541,14
4742,11
2749,18
1895,16
5394,21
1670,20
1070,24
3846,3
4946,7
578,29
1445,4
3157,6
1702,2
1290,27
3780,16
1402,18
189,17
2359,19
4285,29
4472,14
806,4
2842,10
1198,19
4139,26
451,15
4387,9
1075,29
5809,10
4425,6
2287,7
4887,16
3539,20
3339,15
124,9
689,30
1361,8
3053,10
2040,21
2079,14
2285,28
3794,12
5499,29
5053,18
5209,10
2737,24
1693,11
2173,3
3179,26
364,3
4466,2
4252,22
4133,8
2907,9
3759,2
5956,15
5419,3
5091,3
4224,18
4839,9
5869,12
5260,4
3606,15
3428,29
293,27
2758,19
5045,27
2997,24
4623,29
3177,17
280,29
5569,2
1843,3
4733,13
3129,10
1651,28
5155,27
4677,25
379,15
2949,26
5554,10
2148,8
2423,28
4155,21
2210,17
5393,23
673,1
3524,20
3623,29
827,27
2666,30
5639,14
3567,2
2632,3
3494,29
864,26
609,10
1724,20
4831,16
4976,9
547,4
5559,20
4593,10
799,10
1534,21
1257,22
5891,5
2808,25
3796,28
4499,2
671,25
5000,18
2288,15
5289,7
837,14
1724,10
2601,21
1942,4
4220,13
2486,26
5466,2
717,27
5146,21
4458,3
1124,15
4759,27
1385,2
5330,8
1325,14
719,25
3867,8
3731,25
3748,24
2289,26
5992,26
2967,7
871,11
5156,22
5575,9
5377,14
1395,18
952,13
966,15
3109,25
5544,23
5950,16
4185,9
4438,2
1211,4
2991,1
4543,2
5188,2
5024,11
4753,16
3276,27
1161,28
2918,6
1041,20
3214,1
3765,5
2790,16
2310,12
5444,25
5294,9
1188,17
2064,30
1307,17
2446,8
4862,19
181,16
866,5
4807,16
4241,26
3519,28
2242,23
5045,10
1668,23
1448,21
1890,2
1557,11
331,8
2128,6
2025,25
238,27
4451,23
4513,30
3948,15
1866,11
3311,28
3117,17
5037,30
5445,6
1157,5
3616,23
602,22
1518,28
3949,17
5284,28
1660,4
3190,21
4226,27
5176,7
2024,24
163,4
3180,22
4774,27
4812,7
667,5
4219,9
4590,20
1716,24
3618,26
4965,15
1921,26
3933,25
780,23
4715,8
1585,22
5780,25
4064,9
3950,2
3030,8
2476,13
4366,17
3397,7
1765,25
522,17
1622,2
4598,20
4454,7
475,19
2874,2
1765,17
1451,27
5735,21
308,25
1962,28
1854,25
1215,30
216,25
1407,10
2435,1
2415,19
2853,20
5806,13
2986,25
2595,12
2058,3
251,21
2778,26
5260,23
387,24
5224,4
5900,12
1199,29
2269,11
3728,16
1248,6
5725,4
2471,16
458,20
1908,14
2668,2
3785,16
1285,11
534,24
4958,27
4481,10
2084,12
4191,8
3398,2
4628,13
4170,22
1843,12
3408,27
818,14
1252,28
2420,18
137,19
1316,30
1913,21
3000,17
1419,7
3954,17
3237,29
1524,21
3417,13
2451,18
1667,28
608,1
802,9
1377,25
5991,3
5133,19
475,15
4303,30
802,15
3337,4
1392,22
429,24
4575,28
1078,4
4064,14
2751,19
2970,19
3081,6
356,30
2915,10
5739,4
4715,24
1203,11
1428,21
5624,24
1996,14
3211,17
5754,3
1748,9
2528,13
4879,28
2271,20
3494,13
932,15
2987,25
4748,20
2721,22
4917,28
2242,27
5597,3
1125,19
5808,20
401,2
5708,8
5594,18
1943,23
2774,8
4266,19
4581,25
5066,17
639,5
4312,14
4245,9
2677,4
3344,17
2367,9
1113,7
2272,30
5982,23
5651,2
1656,15
304,20
125,30
258,29
4176,9
5982,16
3472,25
1107,6
1722,18
1156,14
136,8
850,27
602,30
649,25
569,18
275,4
5272,28
4467,21
2820,16
2976,8
5107,18
2268,26
1012,21
2297,24
1638,26
5412,20
4480,8
2659,19
438,8
2761,10
4063,22
482,25
1825,19
3203,3
4508,10
3918,12
4961,14
4590,21
3826,2
1565,28
4849,29
3468,13
5831,15
210,7
996,11
580,24
2803,10
493,23
275,6
5652,14
3504,13
3136,10
4711,21
1471,6
1378,6
3078,25
3529,21
3697,16
4882,21
4518,25
1865,2
4415,4
4408,11
2035,4
5731,6
298,21
5487,24
3217,16
1126,24
3624,10
376,5
3721,30
2009,7
2684,18
1660,14
904,19
3101,3
3911,7
3182,2
2964,23
3856,30
50,7
1070,2
4587,30
2340,17
1355,1
3198,9
4516,12
1845,18
2270,30
2925,30
1672,29
5627,25
2023,30
1040,24
1474,9
4959,29
5084,9
4839,30
5414,15
5415,3
4279,30
1231,15
2844,23
5974,30
1765,5
5643,11
2209,11
1138,12
782,3
4317,3
3756,17
1812,21
367,6
2392,24
870,11
162,16
3844,10
5795,22
2884,14
1097,7
5991,29
5691,6
4202,12
380,14
3336,24
5735,15
5125,4
661,25
990,27
2949,6
675,24
5949,17
1808,4
4451,4
3092,13
4250,10
5561,9
4684,20
3503,15
3139,1
3019,14
3095,20
4479,5
2154,22
2628,14
4499,21
3929,16
4811,28
5545,21
5541,13
5844,22
22,20
4469,19
2837,24
1025,12
3501,1
651,29
1417,18
877,8
588,16
4,8
137,15
1813,27
4604,11
1664,21
4695,7
5566,20
3172,3
4516,29
1002,17
661,27
5085,24
1492,17
5232,15
4446,13
4341,3
4573,3
5160,28
1221,28
972,9
5072,1
262,16
2426,30
159,12
3462,26
5613,10
292,19
2001,21
1879,13
4127,3
3250,6
2802,27
1821,15
3884,18
4858,18
1667,10
2000,30
5714,8
2156,13
3018,30
4699,20
2975,1
3463,11
1933,2
5322,15
4740,16
3712,30
930,16
3077,24
5287,29
1344,14
5962,5
2928,21
2892,13
2755,29
3994,3
2119,22
5506,29
4118,28
2547,3
2600,17
1893,6
194,16
1074,4
1760,16
4226,29
1509,4
2928,30
5769,12
2030,30
904,23
1036,25
4746,11
3652,2
4102,18
153,13
2804,25
2213,13
2468,12
3809,9
2752,18
2151,15
1625,21
4694,19
987,5
4110,29
2999,9
1339,14
686,6
5984,23
748,30
5466,18
5050,24
417,4
3785,18
5352,8
2803,22
7,14
1888,28
3648,29
822,12
2004,10
4380,21
5746,15
656,8
4017,4
604,4
4616,4
705,25
247,18
5960,20
3121,13
4007,12
1963,1
200,5
1398,19
3145,26
1095,4
3441,26
1742,14
3238,9
2193,14
2336,11
507,15
2277,7
4483,13
2334,5
3141,22
5269,9
579,17
4735,13
1371,12
5550,30
3114,15
2628,13
1483,2
1913,29
5130,15
558,24
1458,9
5966,8
2632,30
3004,30
2478,8
2320,22
2182,2
5024,7
2812,12
4832,28
4381,5
3435,25
1037,6
54,27
3029,10
3359,10
2987,23
1625,2
2050,7
3472,26
3637,24
5958,18
3909,24
2442,21
5007,22
477,30
1064,21
4077,14
2928,14
3333,29
1114,19
2804,6
1781,30
3785,29
1393,17
58,24
5994,30
5511,21
5367,10
5742,29
5257,9
5525,30
1861,7
4902,29
4358,15
1097,9
1924,29
1114,15
5699,4
499,6
1143,4
3541,22
299,17
253,16
1158,27
2469,3
729,4
3950,15
5041,3
2451,26
5064,3
5439,20
1010,15
4944,25
461,5
439,10
1708,1
5487,19
2468,4
3270,1
2013,18
119,28
5579,8
5475,5
932,6
5769,11
5902,28
664,2
753,9
3877,8
132,2
2850,22
1114,25
1409,19
2208,11
3964,21
3125,13
832,28
2091,5
1032,16
2402,24
3442,15
3208,15
4275,27
4379,18
1574,3
5975,21
1033,9
3470,23
2998,27
1237,13
3562,24
909,24
3570,26
3520,11
1167,1
97,16
2810,10
4443,22
4259,29
560,5
3394,18
5991,19
3063,24
124,14
414,30
4614,25
3946,24
2626,20
4170,17
2845,18
2286,19
1813,13
941,26
1304,17
233,19
5189,7
3348,21
749,9
254,3
1767,21
916,20
2067,8
2593,18
5474,26
4586,30
5493,20
5884,29
307,25
5463,8
2951,25
1615,19
1614,15
2059,21
4879,17
1089,20
1667,13
5408,5
3918,6
5637,15
1102,14
1864,28
2864,13
2541,10
816,3
5117,16
1068,7
4038,11
3500,13
3774,6
3713,14
3248,20
2964,10
5401,10
5406,20
1690,19
5757,16
4136,25
4689,27
4786,24
398,6
5775,30
3197,10
2395,20
3212,10
716,15
1418,1
3791,29
1960,9
2532,23
2958,27
5362,1
226,29
2812,29
4653,15
2415,17
4985,16
4698,30
124,24
195,9
5440,19
2,5
3619,28
2516,6
1041,3
2263,19
1891,6
2461,9
5239,3
542,16
4067,27
3386,14
657,2
2262,19
3403,5
1499,22
5362,20
5366,9
3623,21
4572,7
731,21
808,13
5345,29
3740,19
1205,23
5493,5
3305,25
650,2
4492,20
4819,30
1861,29
505,21
5439,26
4987,18
382,15
2740,28
1937,29
5736,21
5205,20
4777,18
141,11
108,6
4804,23
5369,1
4093,25
4861,17
5573,30
3678,25
2392,9
5031,7
2088,28
1599,18
100,10
4427,17
2038,22
2304,5
1958,13
2044,1
2579,28
1853,11
2454,15
4756,27
4862,17
3522,30
4681,17
4864,25
3849,24
5954,14
4145,15
217,11
2144,28
1273,6
83,2
1111,23
5141,10
4821,18
5084,30
2149,12
2337,19
93,21
2108,17
2681,15
72,3
2844,10
2100,26
218,7
4361,5
3111,4
5560,14
3576,12
4825,23
1199,11
3438,9
143,1
1954,13
3308,4
2719,4
4882,4
4184,23
4638,6
1222,18
4365,22
2361,30
2126,8
4068,8
5295,8
1828,7
1018,30
577,20
3017,13
4860,19
5042,18
3296,13
500,13
2780,14
3579,29
4565,26
3220,19
4551,22
2903,18
2138,29
2434,18
5263,26
3727,4
70,23
1829,9
1757,28
1650,9
4944,21
710,16
1481,16
1755,25
2450,14
5536,8
3653,11
884,24
4724,28
2846,6
1209,27
3902,21
1600,27
5860,3
423,8
942,29
1811,14
5470,1
3947,1
1268,18
1652,10
168,23
5963,17
3458,16
4594,18
4525,4
4836,26
3880,20
37,16
4795,23
830,26
2653,15
4467,14
5151,24
4023,23
4378,16
3903,29
923,9
2604,6
2058,13
4461,4
5967,7
190,19
2601,25
346,1
4082,11
4697,30
1248,25
5410,22
5017,8
2679,7
4198,22
3773,22
4230,1
1771,27
1471,30
4703,30
122,11
2139,15
3866,8
5184,5
4926,5
3469,18
2534,7
4180,13
5871,20
3123,5
1346,28
3696,19
1586,27
5620,10
808,22
1224,27
3007,1
1572,13
3784,2
2090,6
4300,1
3602,29
5734,2
4605,12
1436,20
1610,18
5590,9
5716,23
2226,30
2052,5
3676,20
4131,12
3611,16
5581,20
4387,24
5531,18
2024,4
590,10
3505,23
4661,16
4532,1
2756,6
5193,23
5597,7
4352,15
2739,24
5777,4
2532,9
4099,2
1642,16
2434,12
828,9
5891,1
736,21
2868,28
5958,20
3064,3
2328,16
2922,11
4301,8
1909,11
4386,20
4937,3
4451,9
3327,10
4782,13
4392,16
2935,18
1848,7
3665,2
4085,19
3829,16
4810,22
546,10
1747,9
3832,19
5923,14
2239,13
568,29
4853,6
4660,3
4746,12
4594,29
5101,24
236,27
453,5
3051,7
17,23
858,27
3216,28
2452,25
5387,18
4841,14
3552,24
4797,17
2146,21
1580,26
384,10
5080,15
5241,20
2035,17
2174,9
798,30
3219,19
3506,16
4255,2
2712,2
5017,16
5562,28
701,30
2673,24
4615,30
1615,14
1045,10
5438,2
740,10
2317,23
3467,1
4340,19
863,10
2162,25
4120,5
716,23
115,17
808,7
722,24
1243,26
3939,16
391,15
4797,10
3798,21
948,18
3490,28
2909,8
1554,26
5018,6
4188,3
4480,20
5256,2
5465,29
3194,24
5902,30
933,30
539,21
3751,14
4495,27
3271,9
1666,17
4349,21
738,23
4701,8
2989,13
3175,11
2044,5
2554,10
1166,20
864,13
3508,28
1313,26
3436,21
1017,17
5417,17
5110,15
5283,3
832,18
2700,18
2742,26
5719,10
5938,25
2894,14
459,27
1986,21
963,15
4167,2
3221,13
5232,21
4300,9
4915,30
4995,23
367,5
3861,3
5336,19
958,7
931,3
393,14
1209,26
1253,4
5322,28
4138,29
4857,29
1090,5
4252,27
1291,21
2002,5
1635,30
2689,16
4790,18
5824,12
4909,16
5488,19
5150,20
629,28
2589,30
770,16
2172,23
2092,23
5083,22
2012,7
2585,7
1115,3
4211,13
190,23
5384,3
2438,1
989,19
188,16
2928,5
1772,3
4776,25
2101,18
598,9
2300,7
3743,18
635,21
2166,7
2930,13
1068,20
4776,28
3416,24
1444,18
404,5
3560,24
5566,17
2310,19
1151,11
4980,11
4502,28
4248,27
3706,15
4278,6
1044,21
4513,4
3568,13
468,14
2396,22
923,30
5162,19
4055,6
3910,23
227,5
2128,9
4638,10
2415,2
3889,3
2481,6
1823,12
1041,13
4748,10
2168,12
2489,19
2479,2
4434,28
1024,16
27,5
3157,2
5645,5
3161,13
4702,2
724,11
1685,12
1165,3
2716,25
5602,20
3792,25
374,28
4957,21
4210,26
900,15
741,22
2670,28
539,3
5532,27
1103,9
1520,6
5556,27
426,11
4063,21
1228,14
3897,17
2298,2
1565,17
5251,5
2145,7
3588,27
3489,9
4831,7
694,30
5745,30
2392,23
4875,13
4390,16
4258,15
1006,2
4925,28
5331,1
125,23
1304,2
4084,22
5306,23
2988,19
2122,25
4768,27
1315,23
363,5
3090,26
5531,14
2551,15
2234,27
2701,29
5320,13
5820,29
2687,25
5874,27
3902,9
727,24
2450,6
1625,3
2318,15
3559,13
4051,5
3037,11
4374,1
4083,15
2353,12
1798,5
1213,12
1774,7
731,13
4849,4
2716,20
752,10
3692,9
906,3
2015,24
5795,9
4702,29
3929,29
5215,30
988,24
1150,8
217,13
324,14
2843,29
730,3
4166,2
5187,28
841,22
584,17
592,30
889,12
193,8
1846,14
3357,29
4879,22
2598,10
1465,28
39,1
3357,1
5276,12
1775,2
3091,9
3316,9
2325,19
840,26
2204,8
4387,16
4591,25
3083,29
2219,19
5320,27
2922,15
2112,1
25,6
1602,10
4688,16
2036,8
4426,27
1277,4
981,6
3842,26
2899,30
1519,13
3812,3
5648,7
4597,14
1025,17
1037,21
5802,19
3781,23
4600,17
5510,20
1925,27
4135,3
4243,26
5023,21
155,4
2032,16
1017,3
3783,25
4937,22
1051,12
4030,27
4087,2
4298,23
2348,29
4708,16
640,7
5181,9
2685,25
4815,14
1393,5
3768,12
5521,14
440,22
1178,22
3627,10
277,30
3294,22
655,7
2559,2
5629,5
74,10
4254,9
2600,11
1949,7
5397,11
361,9
4829,21
2727,11
2987,14
468,8
1326,14
4581,4
3435,21
3436,17
2650,26
23,4
883,24
364,1
2827,9
4788,7
1523,23
4866,30
704,22
3,6
5699,14
2778,16
5025,11
4956,7
4800,18
503,7
4348,6
2589,11
1918,1
4293,8
2256,24
3187,30
3529,24
1812,28
996,28
3974,1
2089,20
2332,4
862,21
5549,4
2620,11
791,15
2215,23
2236,8
1863,10
5845,1
47,4
4465,17
4625,20
4808,30
5509,22
5360,18
3110,10
4671,13
632,3
5773,30
4606,21
175,14
2768,30
3058,19
5620,3
171,7
3335,30
90,25
4206,23
5198,30
995,28
378,29
563,19
1274,28
5502,26
161,21
2954,19
2589,6
3611,24
1633,5
5876,11
5701,25
3400,26
589,3
1460,7
3113,1
3016,21
4795,15
3378,19
3518,16
310,4
3706,11
2662,21
2820,22
5220,6
993,18
954,19
2342,2
1068,10
594,24
4769,27
4333,17
2232,11
2667,5
2307,16
52,21
5824,29
5962,8
2308,8
2289,14
164,3
3687,12
250,16
209,20
902,18
940,27
1040,7
1897,7
2678,15
5212,17
3040,20
114,22
5346,28
5960,25
3022,11
890,21
2628,22
2747,11
4838,3
5402,29
4478,29
3152,2
3724,12
4343,4
4331,4
140,25
1464,1
3176,28
2984,11
5714,16
697,29
5172,4
4696,14
4099,11
4447,6
210,1
5865,12
1523,2
3081,10
3010,3
3029,20
1044,23
2475,17
4176,10
2037,7
5174,7
4234,9
5693,28
3273,29
436,13
3752,20
2457,17
2966,24
4700,10
4701,14
4593,15
3029,19
1069,8
4428,8
478,2
4920,2
1520,24
552,28
3678,18
5739,5
131,1
4305,9
5324,16
3903,5
4254,29
5917,10
4464,9
3845,25
4813,6
1400,5
828,19
4528,29
2344,30
5661,15
2223,6
4763,19
3493,23
5385,17
2807,2
1668,11
3393,3
3323,22
2803,3
1731,3
1100,18
4720,20
2463,16
5730,26
3729,23
668,21
4009,3
1705,20
1218,9
5654,23
1009,12
3787,26
3180,2
2520,12
2873,12
4116,26
1727,1
4422,9
4324,19
1896,19
1572,21
4172,12
5796,23
5932,10
3017,16
2609,12
784,23
4693,2
717,20
5332,3
2117,29
1131,24
5291,12
3241,6
3076,21
28,25
4009,4
2889,6
5114,24
3735,14
4846,10
3676,21
3747,8
5573,1
3222,29
304,7
1908,27
5109,3
679,16
2833,22
1724,16
1849,15
3649,25
948,28
3288,23
5679,25
300,19
5828,30
552,24
3573,3
2181,12
2170,12
1922,29
4782,27
3119,21
4559,13
589,22
782,24
2456,14
2419,16
2966,12
1792,6
1258,9
4305,20
2899,17
649,17
2692,3
5203,16
4560,4
3227,28
3175,17
5888,12
2091,30
420,4
1313,23
5216,21
5190,4
2008,5
2959,24
4450,3
841,3
5412,7
998,28
3416,14
2428,24
4545,23
5655,4
1413,25
2336,21
3490,25
5262,15
3364,15
3029,16
2843,15
4507,2
3659,20
4398,26
960,20
3188,29
2641,8
5875,5
290,9
5460,4
3492,22
2506,10
4306,18
5429,19
629,20
4771,9
3322,9
3810,28
4480,5
1702,11
4089,17
3474,7
5575,5
637,25
5358,8
1497,1
1057,5
5722,1
621,19
2526,2
5656,26
1139,22
5940,30
3659,18
106,10
4185,17
1327,5
79,5
5175,19
5293,12
693,5
684,21
5720,22
3566,8
1611,15
1683,19
1178,16
2068,17
5933,4
2730,9
4934,25
2895,30
5577,14
3871,25
994,3
1150,23
13,2
5686,12
2305,13
1577,19
3100,21
1576,15
2933,19
3607,5
3010,29
4147,20
95,8
2067,12
1988,12
5058,15
1772,20
1677,17
640,29
5613,2
3312,2
5825,10
4351,20
25,26
3872,12
1232,13
4967,6
4329,1
2478,25
3787,14
1051,8
1481,18
5062,2
162,24
5776,28
5347,16
1631,12
2719,13
1023,20
2732,6
5585,9
2482,28
427,18
2236,19
3065,25
4745,7
4185,2
86,11
4857,7
1027,24
2340,15
5973,5
4633,4
5937,20
3481,26
4179,13
4493,11
982,13
2979,30
2556,17
1743,27
5666,27
1959,13
4751,25
2046,30
1713,12
3571,29
390,14
4307,15
5868,18
2003,13
4952,2
1760,4
656,14
429,17
3535,9
979,12
4857,24
2635,4
1376,3
1252,29
5497,28
5371,11
3065,17
1129,10
1868,10
2391,14
4945,26
2422,26
4918,5
3167,22
3376,14
5944,7
2009,22
4033,23
2324,15
4389,6
5241,7
2403,17
1311,13
5210,16
544,20
3165,5
1900,9
3477,1
2849,3
2097,4
4815,18
4371,24
4673,17
4888,26
2676,17
4767,1
2543,18
2496,10
1286,21
2749,8
5507,6
3323,25
4963,3
3943,6
3624,4
3977,27
1141,11
5515,25
1555,13
562,11
3552,26
2643,27
902,14
3602,11
5884,7
4082,8
1012,19
1778,12
2787,2
1275,16
3428,1
635,4
2566,26
1168,23
4043,18
433,5
1730,25
573,5
3388,5
2140,23
5925,4
1521,9
3258,24
2427,5
4479,12
2607,30
3072,6
3284,2
3017,2
4781,28
52,30
1569,29
4187,16
3506,1
5373,24
2444,25
4638,8
2497,19
5978,20
235,9
4844,15
1631,30
715,29
4754,24
1353,21
765,14
5851,19
2583,13
2372,21
4440,3
2873,7
5203,22
1425,17
1505,1
4753,27
5181,28
4089,1
785,24
1581,5
3890,13
5450,22
2845,23
615,22
5431,19
5100,7
4888,11
1389,15
5578,24
2011,15
2618,12
1567,6
1641,4
3657,13
3738,15
5671,30
5135,30
4148,15
2468,7
4728,28
2127,17
1066,19
4237,3
4000,20
3949,10
5542,30
4608,28
2197,29
5167,26
5187,6
462,3
2289,25
73,11
4828,8
3397,25
3971,26
5343,10
1370,9
2643,11
2498,4
234,16
2301,5
879,14
3480,29
4955,11
3603,6
3456,21
5592,21
4591,8
3270,15
2361,10
3694,22
2584,9
1865,24
3078,16
4595,13
2832,12
874,13
1391,16
2597,18
4160,7
1997,26
1053,1
258,22
3525,22
3529,27
1470,27
5873,19
4635,20
4818,25
5602,25
4482,5
1420,8
3342,28
3083,12
4487,19
1648,7
5667,18
5177,17
3909,23
2256,2
5414,25
5838,20
632,19
4863,9
1663,30
764,5
770,26
1751,30
2007,22
1868,24
516,16
5370,8
1611,14
4080,9
3469,11
2117,3
3278,9
4816,25
5542,2
5783,22
3587,26
5786,28
1084,24
3638,24
2652,15
148,15
4799,19
4639,9
1991,11
1204,4
467,8
680,30
2384,12
4030,7
3312,26
4230,21
3376,10
541,3
2121,18
987,26
4366,26
5515,23
1970,26
4469,7
1872,18
106,17
2532,10
4654,12
4730,22
284,8
2559,1
920,23
4488,21
502,9
4141,7
616,1
2311,6
1677,15
4836,11
600,21
111,17
3312,15
3630,14
4044,2
2504,25
262,25
76,14
4679,20
1503,29
3236,30
2702,2
3501,15
5603,9
686,15
3010,24
4690,1
3105,22
3044,21
234,29
142,27
2037,13
3596,22
4360,16
4938,21
3461,23
2636,2
5457,10
1315,29
5479,4
3546,12
2698,30
2424,16
1016,12
102,25
1010,6
2019,22
2383,3
4041,25
1434,23
5424,30
1652,29
2243,1
5587,25
5715,2
4561,3
5443,26
1293,17
5772,16
3637,20
3504,19
4744,2
2898,17
2267,8
4266,3
260,6
3206,4
5889,14
2098,4
866,22
3923,14
852,29
2341,15
2950,22
1423,4
5197,10
4071,3
3078,24
5921,6
3303,22
5067,2
1323,10
5159,29
711,18
2253,18
2952,10
501,27
1320,17
5873,18
1931,11
2995,9
2098,17
471,29
3261,7
5077,8
2527,23
3354,23
3457,2
5615,9
3976,27
5722,8
1478,28
1925,18
2870,25
2449,24
1598,21
737,18
3212,11
2732,22
2640,7
1125,26
5607,10
5787,5
1270,23
5014,8
968,12
288,9
3233,11
587,19
5035,21
556,30
2365,3
1573,4
1200,29
5488,26
4877,12
2127,8
5865,21
4953,6
4039,7
4578,15
5203,3
2278,17
1085,7
3578,28
3535,23
5621,22
2220,9
4325,5
3162,26
712,2
1251,16
5826,6
5818,25
3493,21
5433,23
1383,5
4186,14
4767,28
3183,12
4513,6
715,17
3574,4
5843,12
5478,13
3818,13
3808,11
2024,8
853,26
793,22
3615,14
3665,19
2130,5
1096,3
5060,4
1222,9
5864,12
2978,4
3618,15
5167,8
5697,19
4758,8
5808,12
5093,5
4879,12
3068,17
1477,29
3789,26
211,16
5289,20
4221,10
1879,29
4636,2
2537,12
5113,18
4756,8
5773,12
1761,4
5516,30
964,19
3276,24
4448,19
3859,11
5725,20
4808,14
910,27
850,17
749,3
2078,28
46,8
5604,16
1322,12
4116,16
4804,26
4000,10
2005,8
3361,5
4449,4
4983,16
1056,8
1245,29
4985,22
4342,29
5181,27
2280,6
1319,25
5123,23
1056,4
4322,12
121,8
4098,4
248,19
5300,1
3373,12
2203,27
4023,16
4145,1
1451,16
3497,26
4623,11
1610,27
4691,9
2150,18
3360,1
5500,2
2059,7
2360,29
1776,28
5503,27
1614,16
76,24
4910,9
1424,18
39,28
4805,20
3442,30
5060,7
2536,26
3959,7
2224,4
4945,15
2583,28
2938,16
4679,3
2155,10
730,6
882,16
3026,12
1391,14
2010,4
2831,7
2197,28
2512,4
4471,17
5629,8
1565,6
577,17
3893,7
5206,1
1050,2
4314,1
5467,13
4157,23
2834,11
28,10
2299,17
4036,8
1552,11
1270,11
302,20
5555,15
5840,18
5302,11
1146,14
4655,30
2462,20
962,27
3805,15
4634,30
1044,9
4402,13
5707,14
2816,21
1638,21
4147,27
5175,15
5667,9
3124,29
2088,22
3106,23
2597,22
3728,4
3031,7
3587,24
5965,8
2606,18
3402,14
2271,3
4980,4
5564,20
3672,8
5939,26
4357,24
4556,27
4866,7
714,4
642,5
1596,15
3356,9
1830,11
2141,22
5147,8
1856,6
4810,8
2343,4
2933,5
2204,12
4190,25
5613,29
5427,1
5125,6
3764,11
3751,7
5020,12
3735,2
5499,4
4791,2
1054,14
973,28
2939,24
5097,23
2529,14
2649,29
1022,15
463,26
2352,28
1067,8
1727,22
1511,25
1507,6
1551,10
3984,10
3157,28
2441,2
639,20
5416,12
4340,29
3869,30
3128,21
1165,23
4794,1
3298,28
3807,27
1835,10
4580,20
3712,23
568,9
4241,23
983,25
1255,21
2558,22
999,20
204,3
893,8
5387,1
1070,6
955,22
1093,27
5254,5
93,12
5348,6
4887,19
3886,4
146,13
3615,29
4438,7
72,14
3542,20
70,15
4933,16
942,20
1170,23
1037,5
206,26
2906,17
673,15
5209,9
5053,14
375,13
3578,29
3102,20
1690,28
2070,24
5138,10
2877,19
2206,14
3777,15
4326,23
4867,1
2979,14
3968,15
657,30
3339,4
720,15
4544,17
3942,20
5494,16
1605,5
5046,9
4560,19
2778,1
4174,22
4891,29
1527,4
102,7
3802,5
1211,3
1185,3
1288,14
1220,15
4322,5
4619,10
4617,1
3746,25
1599,22
2904,14
290,21
1710,21
3535,7
5696,17
2585,27
4273,19
5466,19
5794,4
1558,8
4,4
3978,15
2019,18
60,21
3542,13
881,17
443,13
171,22
4555,14
5932,24
3608,17
4942,11
5037,29
4249,7
900,2
2540,14
5743,4
3544,10
4746,19
4557,6
266,14
1916,13
2721,28
2329,19
5901,12
3020,22
4989,18
645,9
14,12
1908,11
1831,1
1189,20
5146,17
5797,28
5198,15
458,30
5535,17
3363,12
3460,15
755,8
136,12
1999,29
1559,4
2124,24
4528,23
4703,22
5883,20
1808,26
372,10
2962,15
2108,19
1976,13
288,26
5104,4
5215,23
54,7
2151,14
5167,13
1728,7
5012,19
5876,25
3325,17
2998,1
5445,20
5803,15
1348,16
3138,6
3176,1
2695,2
5438,21
5825,25
5458,6
1318,8
112,20
4842,18
1629,4
2324,13
527,28
1743,10
4284,7
4986,20
4853,13
4538,4
703,13
3991,10
2899,5
1673,30
1337,10
3161,11
277,14
1990,7
4706,28
1536,28
2873,29
1597,9
2024,28
2771,19
2339,3
4841,16
4260,18
3247,20
5689,2
4747,10
5203,20
5694,11
893,14
362,24
360,2
5429,5
3606,8
4541,15
3255,29
1611,28
3870,16
1635,11
1821,19
68,10
3729,8
4511,16
2205,22
3275,9
2160,22
1301,8
2467,21
1632,29
2957,6
4820,21
1056,18
2820,27
4370,15
2585,22
2217,17
2324,2
3578,12
3113,2
4179,25
2488,29
1065,23
5287,6
368,28
5617,9
821,10
4178,23
5419,27
4844,7
232,14
4683,26
3171,11
449,15
4184,21
799,24
1232,26
1381,27
5264,8
5819,6
257,2
2212,13
5216,25
3748,1
622,7
724,22
2065,6
4612,20
4613,22
653,24
2473,23
2208,9
627,3
5984,22
22,6
4080,30
5241,6
5383,3
3137,3
2256,14
5228,5
72,22
1355,14
3425,29
2841,26
5572,10
5584,14
821,30
3787,27
5278,10
2818,22
1114,13
413,9
3863,15
4603,28
68,12
641,8
2912,5
3260,16
655,13
2118,21
4072,14
2540,20
611,30
2962,27
4328,8
4027,11
3248,28
3290,29
1728,22
5083,15
3515,8
1499,13
2116,28
2700,9
2981,30
3946,18
5950,11
4488,30
4333,8
5784,16
165,30
1760,14
1676,19
5077,26
2212,26
1215,12
5238,26
1720,9
501,25
2644,11
5270,12
550,17
5500,6
244,4
3791,7
2750,19
2683,5
1780,5
3957,30
5842,5
3825,12
5379,5
3835,18
96,20
2592,5
595,11
2615,8
3258,9
4269,15
980,24
2401,26
4022,7
1319,14
1444,26
827,4
1702,5
285,28
5121,21
739,21
1001,11
5261,22
5390,6
5148,11
2833,28
5033,22
4537,19
4684,28
5001,6
2282,1
3442,4
1130,3
125,22
2747,12
5974,23
1485,7
5457,1
4832,17
5674,4
1228,2
183,18
4392,1
1708,13
1087,13
1307,28
5853,16
5003,24
4543,21
5989,1
4046,11
423,10
1672,30
3159,19
3346,30
2559,6
4783,12
2441,23
2606,3
5054,28
5484,15
5618,3
768,9
5876,20
1569,14
4295,23
3405,29
4786,21
2100,21
3583,6
3379,21
389,24
3186,27
3528,15
1220,19
4010,25
1060,10
3501,27
4476,6
698,8
1900,11
768,19
760,15
675,26
2873,23
2725,3
2659,13
2795,3
1498,1
755,28
3837,26
5725,7
1044,15
3339,9
3600,6
5128,4
3921,7
5811,19
3601,17
2655,23
4871,13
5497,7
2547,4
1144,29
1569,4
4476,27
5505,17
1416,28
1096,15
5049,6
770,5
3069,9
5195,13
3942,13
1366,18
1,30
5463,28
5298,3
4594,6
3848,11
5233,16
1208,15
1496,22
5851,6
3999,1
2407,7
617,11
583,9
1668,21
5840,21
425,9
4118,24
1925,5
4684,19
5816,12
2340,12
893,19
2905,5
2937,27
4846,17
5827,1
2746,13
1323,25
3596,13
1586,25
1697,19
2879,10
1247,13
5918,21
3604,29
2385,1
2731,5
1340,22
4503,29
1598,4
1854,13
1796,30
1116,17
2141,13
5495,23
746,7
4490,12
5147,23
1289,4
4096,20
471,11
5029,15
2162,1
4706,9
4193,1
403,23
3835,8
2536,10
2752,25
5712,5
343,10
625,7
2545,4
4018,24
4881,21
4223,15
2034,21
146,25
4662,1
3274,2
5046,16
4806,15
2363,3
5433,8
1138,7
5052,8
5985,6
4665,19
4454,29
1731,4
3755,7
1552,22
877,23
2800,16
623,8
4696,1
1827,1
2988,2
5884,18
2114,19
2090,12
801,24
5410,9
4189,29
1069,20
3788,20
1868,2
1052,20
2412,24
5323,2
2387,23
2877,16
4989,16
882,29
2192,18
3799,11
3963,22
441,29
3146,23
3645,28
2210,27
3621,3
4045,10
2816,15
4933,14
4792,7
894,4
2377,29
5961,16
5644,26
1219,3
580,1
4928,12
403,2
1882,10
287,20
2786,29
116,15
5987,28
2131,26
2730,5
5655,18
312,30
5351,27
1358,14
2818,30
3961,15
5943,26
2866,10
37,17
3126,8
5905,16
2996,21
3819,26
5993,20
1882,14
5322,4
1044,24
1905,13
4540,14
240,8
4758,2
5903,3
3430,17
2785,26
2945,10
5718,18
5968,22
1021,11
2156,12
3177,21
3466,6
2429,19
1616,5
3812,27
1917,7
3175,18
679,1
5228,2
2401,19
715,2
1106,26
4479,16
3602,5
1534,11
3807,24
3349,19
3218,3
1126,2
4000,4
5831,5
3353,26
2811,28
1978,1
1685,10
2950,5
2129,18
5007,18
2303,18
5292,30
4487,2
2385,30
3558,2
194,12
175,4
1147,30
5150,22
714,2
1564,2
5395,10
2101,9
4331,12
5248,11
2407,23
5272,10
3537,29
1225,16
3285,18
5695,3
1642,1
4208,2
2967,16
3532,17
4371,7
666,20
4439,20
4852,28
600,2
1064,16
4952,4
4358,21
4202,13
4126,25
3910,14
5452,1
3625,22
4741,11
2952,23
2804,23
2342,29
3309,15
487,16
4773,6
1799,10
4023,17
3666,12
3631,7
2915,12
639,24
390,27
636,17
542,26
846,14
553,19
4461,11
3586,5
3212,2
5456,30
1725,27
640,21
4843,28
2558,26
3816,30
1304,20
3221,10
2512,11
1231,10
3865,18
1786,22
2285,20
5345,9
5062,12
4642,15
5242,17
2441,21
2465,13
2498,24
1807,10
1996,8
3039,20
3852,8
5639,10
4373,17
3272,3
5076,23
2788,18
1001,28
400,12
5075,25
843,12
2790,7
1737,29
4666,26
4817,18
3667,1
3071,30
346,21
5031,16
381,26
4699,28
2507,21
1961,25
1361,10
1118,4
277,24
2098,22
70,30
5073,6
4338,29
2570,11
1270,19
2385,26
2770,1
4721,8
3086,6
3044,5
3449,15
1037,9
5894,18
2218,2
3255,9
1644,19
1272,21
5153,11
1982,25
3126,11
4217,27
4638,27
42,22
1285,17
3248,15
4907,10
1706,4
2783,12
2640,14
4996,3
3446,30
1410,23
2078,22
3323,4
417,20
2158,9
3457,15
5724,13
2123,1
5384,14
4554,10
3978,4
2787,23
5327,12
3741,17
580,16
3848,7
2216,18
4768,12
4199,25
1332,25
3085,22
1974,4
856,28
1661,11
5246,2
4012,16
2409,30
3641,30
119,15
4050,13
1838,27
1580,11
1869,17
5324,28
683,18
3144,11
3592,10
2380,27
3947,23
2511,3
4552,7
1577,28
2402,1
640,27
5336,9
929,20
5835,30
2407,13
5821,6
1306,30
2464,15
4768,6
747,5
1455,10
4379,26
4733,1
3327,1
715,7
4572,10
471,27
3980,7
4907,22
4678,24
3930,3
3263,12
107,11
4543,27
5600,17
4872,14
2108,21
5055,8
5342,7
97,8
1563,9
850,5
289,23
1103,3
3426,26
4776,7
924,22
3453,11
2333,14
648,7
2513,3
2212,24
1617,18
4272,16
499,20
4639,26
848,6
5835,28
2546,26
2584,7
339,3
3848,13
1447,1
3457,26
135,21
4885,15
4966,2
319,9
171,18
5029,9
2414,22
859,11
1118,15
5421,4
243,1
5929,20
2444,19
5479,30
3050,17
4471,13
1185,19
4809,25
3303,20
2774,24
5634,15
3092,15
1752,21
950,20
4322,11
442,20
5664,17
4434,22
2244,18
2849,22
5511,20
1197,29
5310,7
4431,9
4810,29
129,26
4490,20
189,19
2200,28
994,9
3948,17
5726,3
5427,28
1197,17
4037,2
624,7
2661,8
792,12
84,16
1641,9
4978,5
1848,28
2085,14
5101,1
429,15
4142,7
1584,19
2551,16
1514,10
1204,27
453,25
4515,1
4035,28
1339,25
1547,4
2872,24
5445,27
1345,6
2451,20
4387,30
5353,9
984,21
4531,1
2261,6
4232,15
5813,13
5221,16
4028,25
158,3
489,4
4365,28
2534,14
4260,11
769,25
1071,8
5630,27
3092,27
3998,14
4693,20
437,23
2779,19
2565,23
5615,12
3458,9
2636,20
2379,14
5448,16
2964,6
823,7
200,21
3974,9
414,16
4516,19
1587,7
1772,22
4294,10
3492,30
1938,27
1360,18
5146,27
3320,21
2340,13
4429,22
3726,15
2234,11
5303,1
708,20
4797,8
578,17
4095,30
4589,5
1708,5
5549,12
4996,11
2199,13
1647,9
3996,17
2760,21
423,11
5938,13
4271,29
547,9
2563,28
2219,25
3066,2
765,22
2864,1
1104,20
2090,17
2507,28
4210,3
75,13
2007,9
1150,10
4192,6
5522,18
2956,23
406,23
5498,19
978,28
5922,19
2726,5
665,2
1153,19
2057,13
982,1
4349,26
3366,10
5856,24
2816,2
260,16
423,29
2837,17
948,26
4878,10
3844,17
5015,6
2091,9
5923,29
5666,1
2104,8
5875,17
2426,4
4783,7
4890,6
5426,26
2961,6
3997,7
3728,20
2881,16
3340,22
2541,30
3524,24
2214,19
4684,23
3918,17
2914,18
297,4
5379,23
2400,26
5668,25
1053,15
1920,10
1455,26
4550,24
2993,23
4118,21
5742,19
4067,28
3256,3
5514,18
5145,18
2617,17
3547,29
2195,21
535,8
617,24
5099,10
431,24
4663,27
5153,7
4928,14
5803,6
5684,5
5634,17
239,21
3586,8
3402,22
4767,4
1885,30
258,21
2987,26
3235,4
2811,13
193,19
5709,30
34,19
394,1
2319,26
2599,20
5443,23
1790,13
1873,19
552,5
129,4
5222,24
1117,11
5312,9
5093,22
3953,18
4066,2
2995,30
5115,5
2539,3
4861,1
224,1
3449,7
3056,14
3479,11
2021,21
1757,18
115,10
3000,28
5280,17
13,27
2407,9
1896,23
2092,26
562,22
1891,14
3990,30
4990,6
4906,11
5549,3
3813,16
3503,26
3115,12
2887,17
153,23
88,18
4025,26
1029,14
3572,20
1694,5
5587,16
4406,19
4574,14
2787,11
4865,1
1555,9
5971,29
4691,18
268,10
5597,9
3800,26
4585,12
2606,15
1348,24
5853,6
3375,10
4501,13
922,29
1574,20
1606,4
4989,23
3671,10
4738,17
3874,28
2585,6
346,30
5405,16
897,13
573,18
3510,13
5818,19
4054,4
480,4
4691,14
3808,5
3464,21
1560,8
3490,6
3108,5
1713,29
3169,10
852,30
4467,15
4541,24
4790,25
3702,23
5250,1
5494,30
1764,22
2383,18
5717,19
5064,24
3954,3
22,23
2741,5
5709,28
3772,8
1463,13
5084,13
4423,2
1854,30
1806,16
2088,29
1656,10
5297,7
11,3
808,26
1006,10
3332,19
5802,17
859,2
4418,17
2908,10
4377,29
434,16
830,2
4755,20
3699,23
3259,16
2857,14
5332,18
4299,18
2580,27
1349,9
2632,7
5008,22
3673,5
561,6
2672,3
1021,5
993,12
27,17
4422,17
205,6
2516,9
838,5
1756,26
3857,19
5706,12
4044,23
168,13
2364,17
4073,5
919,7
3009,30
3223,12
2015,5
4172,6
3634,11
4114,1
320,18
1428,22
5680,3
1877,6
4260,3
4292,16
5621,8
2618,5
2309,6
613,9
4353,4
1152,2
5650,3
2730,17
3766,10
906,27
2255,17
2655,21
3760,17
274,27
332,2
2207,6
5192,28
206,22
2397,15
2114,5
4664,28
4528,1
5157,8
1073,14
3943,27
1197,22
1701,9
1647,7
107,9
5267,23
5304,18
2666,25
258,25
4903,27
340,27
1620,23
4845,13
4265,28
1472,25
3188,16
4234,8
5494,24
5377,8
3707,17
4257,28
394,20
1784,1
3953,3
3938,15
4713,3
4577,15
125,26
4550,3
2119,14
1117,26
5374,11
5523,9
1194,16
2785,4
5595,30
1542,13
4815,1
4011,18
1557,10
2396,30
5394,7
795,29
4662,11
5381,2
4854,23
1999,10
392,24
2141,4
3822,11
2158,13
2508,4
261,10
4295,29
2736,12
4729,2
2833,23
2077,30
5466,22
5259,17
1491,24
3798,1
1623,29
3591,15
926,9
5969,10
1464,29
3168,25
5985,8
4896,10
4906,1
554,16
3954,9
1909,20
1029,12
3614,12
4164,21
3614,20
2442,29
1457,1
3391,23
4933,20
412,21
5228,6
3763,28
2588,21
2181,7
1785,10
3411,27
3507,8
4829,3
3108,6
4455,21
2914,7
4438,1
5456,15
3647,28
4721,7
4665,18
1705,2
4052,3
570,5
5843,1
3204,20
5961,18
315,14
5168,9
5865,7
1197,20
2685,7
3975,25
143,14
5074,10
2147,8
930,22
4633,26
3499,12
806,2
5094,11
3618,9
1076,11
5460,13
4424,17
4310,3
153,1
4215,22
5587,11
3681,24
1074,15
5476,13
2317,4
433,20
5778,26
3325,3
2720,14
605,26
1418,14
1719,5
2371,20
2528,2
1187,18
3732,9
3337,28
2741,27
5237,26
4147,7
5013,23
91,17
5064,22
3032,11
3715,30
800,13
1499,8
1525,19
2350,16
2237,1
3944,10
4524,20
2473,3
4114,18
1325,4
4414,25
2819,14
5323,13
842,30
2813,30
640,28
4208,8
3206,28
740,29
3909,15
5052,22
5045,8
71,14
204,19
4709,7
1346,27
1240,18
5042,2
4407,3
822,19
4086,29
4582,9
331,17
679,17
2863,8
2194,27
3722,18
1072,21
1253,23
418,9
1447,6
1438,26
2668,27
5347,22
1095,18
4245,23
881,29
4325,15
1768,9
1088,20
125,4
3226,12
3257,24
1685,9
4266,4
840,28
5248,14
791,21
1607,19
5161,27
2643,7
3561,9
1257,1
1512,9
864,24
214,17
4790,11
5574,5
2223,25
5190,21
3414,3
4195,29
514,11
3756,21
3590,6
2753,18
1332,1
2744,7
1345,1
5252,5
3601,27
3120,2
1748,20
2700,20
663,29
2772,17
5434,27
5449,17
3305,11
960,4
5328,14
4391,28
1919,27
3678,23
5423,4
4188,21
1558,16
3887,30
3260,10
5692,5
434,23
363,9
4338,16
953,16
215,14
1028,10
3127,24
1831,12
1139,5
3332,9
5815,19
2367,27
4628,27
5249,12
2243,5
1551,4
2650,3
1985,30
2807,16
1125,23
4588,16
1416,1
308,6
4438,26
2841,2
3663,14
4930,9
3242,4
1751,18
2991,13
4618,18
1569,1
2786,5
5507,23
5168,17
1546,27
4180,6
5782,16
4339,13
3199,4
5416,5
3670,24
4204,10
93,14
1139,13
5822,14
2635,28
776,19
1946,20
2101,8
5635,24
2463,28
2405,27
463,17
2993,13
3237,22
1378,15
582,17
5016,21
5566,19
3935,30
2089,3
1010,16
3541,5
1876,8
654,19
4323,18
2105,1
3469,19
4377,14
3600,14
30,13
432,3
5808,28
1331,2
1023,8
4186,10
4281,19
4325,2
4949,18
1958,16
556,11
5712,24
5627,19
4220,28
4973,8
4459,27
1167,24
316,20
1520,28
249,27
3132,17
971,23
3283,14
2838,19
203,4
2594,9
3844,25
3731,20
248,28
2984,17
4129,17
161,6
5903,23
3179,20
1149,7
2958,12
2929,27
1727,25
3941,18
4926,15
1661,19
1685,5
787,26
2785,3
1897,14
1058,11
553,22
5690,27
2526,12
4287,29
5626,26
630,14
3057,14
5690,22
4568,18
1817,22
5081,18
3518,30
1118,11
5391,18
5422,12
3462,15
4687,26
405,12
5449,23
5087,4
5885,1
177,28
4673,9
1712,28
2991,8
2570,27
5301,14
3764,26
5569,16
1810,23
5958,28
5565,29
3664,25
3761,30
3893,21
5182,13
5505,28
1441,10
2164,22
4292,2
4346,15
1593,7
4713,5
672,26
4495,26
4574,7
5316,4
3772,18
3183,5
4211,29
5262,4
4845,17
2869,25
330,14
2600,24
2965,26
5910,6
2110,7
1591,24
611,3
2886,27
2239,23
5224,19
2895,7
517,18
24,4
71,11
4050,29
1250,29
4736,20
3326,16
2595,20
2708,15
4756,26
2772,13
5390,10
319,18
2916,19
2622,13
5775,14
2074,6
1764,24
259,1
5632,25
2379,9
5908,19
2459,27
2764,21
528,19
1836,13
4612,6
5522,24
2201,26
890,12
880,8
2039,19
1801,10
193,20
3081,18
1839,20
5244,27
5479,9
3339,16
2910,16
1056,5
789,30
1579,6
4325,6
4994,21
2758,11
1752,6
1183,17
2030,28
430,6
195,15
5043,5
4569,30
2082,22
5639,7
5815,14
3666,2
4357,20
3471,12
5779,9
1633,19
2036,26
4751,2
630,7
92,30
2045,10
173,26
1566,13
3721,11
4251,13
415,6
1991,6
4803,12
2305,1
4084,18
4636,10
2127,29
3435,22
1167,2
1479,26
2242,4
5207,14
3950,4
5392,5
3779,13
2669,27
2369,30
792,16
4141,4
3516,6
4101,7
273,14
4883,25
3615,11
2139,29
3931,26
1403,24
4796,10
4002,18
5114,22
1346,17
4384,25
3763,29
948,1
2974,16
4012,6
1932,21
2874,30
2917,18
1709,20
2792,16
4644,10
897,24
4653,21
2532,15
1629,28
3880,29
3298,26
961,5
1434,1
1147,1
4985,19
1259,17
707,4
3737,23
1073,19
3364,28
4597,30
5874,14
3254,1
1599,26
2482,20
1641,14
1484,11
2363,20
1725,12
5278,12
1504,30
2133,5
5364,5
5577,24
2834,14
3563,8
2367,6
2558,24
5826,29
252,16
3688,8
3227,19
978,3
624,4
2755,5
3248,1
4514,13
4855,8
331,18
1164,21
1518,19
2,23
911,27
2803,11
1262,28
2942,24
5882,2
2909,6
848,19
3513,16
5342,17
1968,10
3754,16
5166,1
4017,3
4364,1
5475,22
5319,19
5771,28
1061,2
355,14
3662,28
4046,1
4551,21
4982,23
394,12
670,13
1619,8
2327,15
1380,21
1975,24
1142,23
1724,13
1375,2
5870,12
3296,4
3737,14
3899,21
3810,29
5055,18
412,22
4270,23
324,23
3051,4
3186,24
4223,26
375,29
5528,6
1238,3
4553,10
2125,16
5305,8
3351,30
4248,1
2167,23
3571,24
603,15
1933,29
2762,16
2723,22
5363,21
4319,13
5990,28
5278,9
2180,13
627,30
63,15
3098,23
2188,4
1646,26
305,26
4917,7
2665,6
3287,29
1496,2
214,5
5243,20
5030,1
3441,20
86,30
2200,8
1677,22
754,6
1992,23
2801,11
4253,6
4756,25
957,13
3267,4
5474,25
4801,26
1773,15
2422,4
377,20
3496,27
4880,8
4473,17
1554,1
991,10
4582,23
3675,22
670,11
1691,6
5081,2
4653,16
2756,14
2871,16
5067,13
2863,13
4052,28
4872,16
5595,17
1147,5
4512,27
1481,15
959,27
3817,16
1229,12
1933,3
4648,15
5132,3
4810,24
4138,9
3825,5
2607,19
5191,29
3481,23
459,23
2854,17
2544,27
2715,19
2620,19
2808,14
2177,27
2656,21
1325,1
3471,9
973,26
2350,10
5307,3
3547,13
1940,20
3277,21
4997,17
746,25
3975,7
3468,16
1552,16
4556,21
4946,14
5123,1
3351,4
3320,22
5231,12
3669,1
5002,13
1662,1
1005,26
1623,18
5905,21
1784,14
5725,29
5800,15
3230,24
5464,8
5285,16
4250,30
2391,29
3762,26
5385,15
3490,29
4113,12
3429,2
3889,26
5226,11
3539,11
2660,6
280,12
3201,2
82,8
1800,24
3402,6
4622,3
4230,29
1662,21
3013,20
2918,19
4510,8
4719,12
5070,8
255,22
4104,6
784,18
4259,8
3103,27
4099,25
5593,15
4377,16
2617,14
1637,6
5776,7
2320,6
402,23
2234,7
5149,1
4106,21
4940,22
4000,2
5312,14
2942,13
3575,15
3640,13
5557,11
2422,30
5258,16
2428,20
4726,25
3751,18
1100,24
5090,7
3209,26
5093,17
532,3
3721,14
4725,6
3800,11
581,18
485,10
4979,12
375,26
4394,30
906,17
5631,11
4533,8
2736,7
56,22
3306,18
2723,9
4878,15
4620,24
2842,2
5290,26
3266,6
1346,18
1745,16
5994,27
2320,1
2970,7
2408,8
1683,16
4452,5
931,19
2343,26
5549,24
706,16
5797,12
4995,1
932,11
3764,5
5588,11
1458,15
1020,16
4693,23
4279,20
4876,11
526,3
3460,22
2337,16
352,9
5410,11
3706,4
3856,7
5090,3
1713,21
1109,11
1541,19
2870,30
411,25
4020,5
1399,30
3677,6
2063,23
4753,4
5521,6
5585,6
2766,23
2147,29
1845,7
1599,27
3647,23
200,28
5284,4
1747,22
1830,15
4279,2
1519,18
4731,25
3245,11
5507,28
2701,27
3392,25
4443,4
2970,23
4102,14
4325,11
2112,8
5783,23
946,17
119,27
2337,29
4047,8
2467,15
2958,16
2941,28
4550,17
3664,6
387,6
4353,29
1503,21
4613,9
5201,4
4603,14
2546,24
5519,17
4647,4
369,20
4058,12
3988,19
984,30
4544,1
5043,17
4263,17
849,7
1991,19
1278,14
3715,14
3735,20
2198,1
5812,19
3604,12
20,30
2948,20
2516,10
4693,11
5512,22
14,17
748,28
2816,1
1915,16
3737,26
3546,9
3109,2
2497,12
2924,12
4849,6
2644,25
1806,22
412,4
917,15
740,16
1621,15
5555,30
3598,30
3098,6
4533,17
1336,20
4586,9
3337,12
1732,7
5623,30
166,23
5281,1
689,18
3384,20
5284,7
3609,9
5439,12
5376,10
3170,10
3194,20
992,6
928,26
4377,30
5895,22
2533,8
3194,11
1661,7
2211,25
3209,10
1936,17
1964,13
3627,18
5370,6
2684,30
3928,4
5443,19
2808,12
1361,27
2943,16
4192,3
1687,10
4692,16
2178,16
2075,30
4859,15
4236,11
1846,30
1731,21
1091,16
2322,2
3396,22
1630,30
2444,9
2331,15
3032,25
878,6
3821,19
4547,1
4906,8
2569,23
4311,20
4388,30
1700,4
5505,12
1107,20
2030,20
2109,9
5237,18
5610,12
1019,13
5555,16
4974,7
534,13
5010,27
5405,27
4338,24
5297,18
2447,14
2450,10
579,11
234,5
5200,7
913,15
5791,26
1302,19
188,5
5330,5
1761,17
5010,4
4258,20
1643,24
657,29
4090,12
1223,12
843,13
4636,1
2886,2
3580,6
1338,1
5251,29
238,2
3310,20
583,19
987,17
3016,11
5720,7
2775,28
1834,1
5245,4
4692,10
3477,4
5395,2
3448,6
1727,27
811,28
2483,16
940,1
3811,23
2886,30
1533,19
3307,22
2673,16
2426,10
2314,25
573,12
310,8
5563,15
1147,6
704,5
1222,13
3347,27
2287,30
3111,10
5280,13
1530,8
3299,4
2858,20
2501,10
5767,20
2901,20
5074,19
3504,2
833,8
1788,11
3904,8
2502,21
167,21
1639,26
4112,27
5708,22
1909,26
1524,22
2990,19
3157,27
4413,30
2674,28
4908,30
3364,9
1836,17
1539,5
3761,4
2962,11
1766,1
4932,8
3804,6
24,13
5606,12
5892,28
5207,25
4373,30
661,23
4672,8
2748,16
2597,11
5940,19
2781,16
5978,29
1554,17
3841,28
3867,11
3834,2
3173,22
5782,15
3468,8
3566,3
1547,7
4827,4
2934,7
4603,29
4862,29
4325,14
4189,24
5409,14
5121,14
2567,25
2108,6
1090,21
4152,6
3607,12
1490,2
2082,4
4000,26
2904,23
579,30
5308,9
4314,16
3621,16
774,1
2568,27
4922,2
36,15
5936,13
2969,19
784,14
4287,18
2320,20
5244,20
1005,1
5533,22
683,9
1725,26
3546,2
2270,20
4000,8
2269,19
3371,13
880,9
119,10
2314,2
1699,13
4208,28
5887,29
2719,27
1595,16
35,19
254,23
198,4
3626,29
2130,8
4375,1
2706,28
3826,18
133,28
2004,13
2184,13
1649,19
5801,27
2366,9
596,20
1049,8
3661,30
2194,14
4332,13
179,30
2851,13
1882,7
3686,9
4095,27
3672,4
906,4
476,22
3032,26
2651,20
3672,15
4519,17
3250,16
1231,17
3077,19
806,13
4290,2
2195,20
3330,12
1420,22
3103,1
471,23
4301,21
5318,21
1800,10
1147,23
4515,14
1813,18
5718,29
5041,28
1109,26
3787,22
5483,12
234,13
4228,8
4998,11
421,18
4887,11
2520,6
2735,11
3166,21
1499,27
2098,3
3471,3
4400,15
2726,1
5040,13
1943,24
4273,10
1474,5
3077,4
1729,6
91,4
5368,18
3405,13
5010,28
1439,24
5829,20
920,30
179,17
670,2
4926,17
1287,27
2476,5
85,12
5205,24
1929,21
2346,21
1016,22
1503,11
706,29
5155,23
1763,22
940,29
3416,25
1466,21
3580,26
3381,9
3196,30
4296,21
2593,15
5961,12
3199,6
2797,20
3399,9
4489,13
1330,9
1732,30
3297,14
932,27
5036,30
5358,2
5710,26
2978,29
3689,16
5973,3
1627,7
1401,3
4106,17
5383,29
3230,10
3037,7
640,18
3781,25
2604,30
2036,9
2429,24
601,16
3635,17
773,24
4354,29
895,11
5930,8
2432,29
4463,24
5924,28
5593,4
2743,8
1944,25
326,8
4142,22
59,21
5276,29
2916,26
434,15
3874,22
4042,14
1750,14
3834,9
1714,9
5501,25
4179,19
4434,12
5212,7
6,29
3743,19
89,28
4954,8
3871,24
5739,6
4515,24
418,13
156,28
248,9
3,22
1204,13
5321,27
3944,13
2751,6
1515,13
3809,18
940,25
3918,28
3808,3
1134,2
4837,11
4999,15
715,11
1942,25
1643,23
5291,4
3698,2
1288,7
5767,29
371,28
5268,15
498,21
292,1
5206,23
4579,2
3452,10
4292,29
1833,21
1863,22
3397,27
5033,9
5699,17
2010,7
1875,25
1685,27
4887,13
3886,20
1593,15
454,1
2473,14
1694,3
2391,1
2270,21
1831,30
3638,21
3752,12
4094,26
5305,9
3511,27
4662,21
4590,2
1780,27
3721,29
2187,9
5420,15
2800,30
5237,28
1669,4
4360,11
2648,3
528,16
5387,21
511,18
5629,30
706,14
1263,21
2458,7
4350,6
1821,18
3551,30
1741,25
789,14
3277,24
4309,4
1470,13
2590,24
5071,28
2105,11
3382,25
1135,12
1188,5
2437,13
3934,29
5435,7
40,23
3379,23
2895,4
3397,3
830,13
963,17
370,25
4655,26
5306,17
570,2
4803,11
5715,28
3664,16
4247,25
5997,12
3060,18
4836,30
89,9
4790,10
1865,9
3003,15
1923,26
2073,7
4209,1
896,17
5658,23
3567,8
2300,23
1054,17
2852,11
2679,14
3296,8
2666,26
5282,26
4479,17
943,17
3833,13
4307,20
2168,19
1308,13
5468,1
4716,19
3326,26
2100,8
3849,18
5862,6
3515,13
3271,12
4311,14
5720,16
1987,25
4962,12
1249,21
3188,6
5307,22
2281,13
1949,12
3680,15
3873,27
4756,19
1627,14
5774,28
4597,1
181,1
2389,8
158,6
4549,21
1714,16
511,26
1112,25
5453,16
4052,8
2566,4
503,20
1819,11
3749,21
4954,18
5456,24
5387,22
612,13
5896,28
2492,29
2252,3
5732,5
3451,19
2145,28
4714,30
5645,8
2385,19
4927,8
2721,4
2273,6
4198,26
2100,1
4867,18
3442,5
734,1
4008,15
4492,10
22,26
2472,19
4685,23
4723,4
3495,19
2752,2
5264,16
130,23
4508,4
4748,5
5900,29
3399,10
182,23
5477,13
4592,22
1185,15
5516,19
4532,18
1388,6
5886,21
4360,9
626,15
1955,10
5689,26
5847,20
3505,1
1753,17
3182,26
2290,15
432,4
826,11
3014,7
2644,8
4007,23
1438,5
5889,29
2937,16
3735,11
2459,9
2764,17
5238,28
4866,27
5274,6
2248,13
2187,10
2749,10
5284,26
1816,12
2328,20
1116,25
5771,20
5092,27
2825,14
5220,13
851,9
646,11
1046,19
2161,4
5408,14
3797,14
4581,21
3857,14
5451,2
1227,15
4486,5
5206,12
1497,2
174,22
2973,23
2099,10
5206,10
2613,12
184,14
630,16
4849,11
1396,12
5266,2
3032,16
160,23
5809,29
2807,18
2180,2
2643,20
5941,8
48,14
5842,13
3383,9
1221,23
671,16
2801,1
1150,18
2769,8
2980,22
3846,11
4993,1
2871,30
649,3
4881,13
464,3
1514,2
301,29
1095,17
3415,24
962,4
171,2
4471,10
1666,29
3847,29
769,9
5726,11
67,7
2275,1
4235,9
2877,18
4836,9
4505,24
544,13
5730,1
1256,8
4562,17
2665,8
136,4
4188,23
396,15
4728,9
865,16
5288,9
2763,9
587,29
3931,17
799,23
1616,17
1383,22
316,29
2203,25
2485,20
2098,26
2483,20
4653,6
670,26
1286,25
2512,27
1354,10
3351,22
872,27
838,14
3855,7
1024,5
3820,18
77,5
1439,19
1932,24
784,17
695,5
4821,24
4177,9
407,19
4555,26
4699,9
3189,17
2185,27
3645,5
80,14
3625,13
5131,2
870,26
1450,12
4268,4
376,20
4839,2
923,20
4562,11
585,3
3044,7
1533,1
1792,4
3844,5
3714,3
4760,20
2848,2
4315,4
3995,29
5294,24
5772,2
2586,14
854,20
863,3
2071,17
5158,11
5365,12
2687,21
4950,2
1029,7
2639,8
4871,4
5241,28
1729,13
2799,25
638,5
3869,12
3520,20
2888,27
5914,22
3191,2
4795,20
1608,10
2277,11
1486,19
3893,17
2148,28
5731,12
1228,12
4781,3
1158,25
4621,17
2098,6
834,21
642,20
1081,1
3147,3
2504,11
1080,26
3058,29
384,26
5881,21
4755,24
726,4
3873,8
2946,4
1633,29
2592,27
5032,27
2099,19
810,8
1351,27
5080,11
3832,2
1126,22
2908,2
4149,7
4376,28
4124,6
5701,24
2070,20
1355,17
2625,18
369,9
1548,2
581,16
936,29
2200,13
1011,12
1347,29
1995,7
5524,5
3385,2
1917,21
2772,20
3313,30
4670,29
5506,6
246,29
1299,26
1031,9
447,11
4214,26
1247,26
871,27
5607,11
1451,24
4995,12
5244,8
4886,19
2286,15
3968,5
2674,19
2403,4
4844,23
5373,25
5378,1
834,27
3907,26
1157,13
4651,17
2933,15
2562,9
4851,21
5808,24
946,29
2432,10
465,18
5279,11
1695,11
234,25
642,26
3426,17
2980,6
210,12
396,9
2969,21
3816,10
1195,7
4584,20
935,18
4929,6
711,5
30,8
2811,17
227,16
172,5
5378,7
4231,3
1665,25
2569,10
5130,28
375,7
202,3
4607,5
5055,20
4975,2
5710,17
2251,4
5201,26
2537,22
2389,18
3998,9
1452,26
3804,20
1128,29
593,16
349,16
1281,22
4832,23
116,24
1271,5
1574,6
4618,15
5976,15
4433,17
1200,25
3891,12
5603,7
5193,5
1301,27
1040,15
2597,1
1948,18
5445,14
5193,28
1801,17
2333,13
155,21
5668,6
4060,17
861,3
5380,16
3727,18
1766,29
4365,23
2215,4
2768,21
5128,25
1973,18
2253,2
4320,13
3630,29
3572,30
1169,23
1438,3
5367,8
2744,14
5353,4
1119,24
536,4
4935,22
5585,16
1141,15
901,9
5015,8
4845,24
3146,8
2174,20
898,20
3171,13
499,18
4269,13
122,15
2672,17
4028,4
2493,14
2470,11
2587,8
271,5
2046,21
4982,12
5763,22
4396,27
2285,25
1386,24
3792,26
5756,24
5260,20
2407,11
1438,28
2854,14
3223,10
5045,11
3788,11
2145,19
2396,26
731,10
1832,10
3438,10
454,6
3644,4
499,16
3725,30
5435,9
2176,29
3762,25
1710,7
5161,12
583,12
247,3
4700,27
3284,29
4809,27
447,24
789,3
3855,19
5816,17
5241,4
2551,19
3212,30
5216,15
2980,5
1070,3
4423,12
1908,22
1483,5
3752,15
1254,12
262,6
1883,25
5318,2
4266,13
4018,17
4013,18
4891,21
1929,1
4233,14
1019,6
3094,21
2819,13
1194,14
2920,14
5881,7
2201,5
706,15
1372,9
4171,11
5611,14
5190,24
5638,23
3586,29
5664,30
2027,25
4907,2
2825,7
516,5
3484,2
703,10
4328,19
894,26
2441,28
1157,2
2963,1
1667,11
1900,17
1486,14
3319,1
4021,18
965,14
1471,27
4596,15
2083,20
4468,19
5300,22
1887,11
370,9
5509,3
2630,9
3645,29
558,14
3502,28
1360,2
2604,19
4338,6
5986,8
2204,17
1632,17
709,21
2876,1
4519,12
1598,12
1559,6
1518,30
1845,28
1861,20
628,18
3393,27
2098,12
1992,13
4878,28
1501,24
5882,25
1337,19
5188,18
4004,14
946,20
3672,1
1896,28
2539,12
4560,18
2734,7
829,16
2143,14
5762,1
1673,16
1527,21
982,6
1835,18
3183,3
5353,6
1021,25
70,1
5897,11
4322,9
3407,18
5919,26
5055,10
4854,8
4735,18
1857,15
5971,3
5969,4
2766,15
5140,16
5823,21
4515,23
1839,28
2685,24
3893,8
3194,28
2723,28
5507,5
168,25
5353,18
2184,11
2828,8
4888,20
3154,16
5935,17
3043,6
1281,29
2747,28
5006,4
5265,15
298,20
1608,8
1845,5
1134,1
1672,6
1139,2
731,4
1982,6
82,11
1962,26
3219,27
5304,3
2583,29
201,6
5448,6
2717,15
4255,28
2199,14
1370,4
5267,25
2577,6
1864,5
450,27
2622,7
76,4
2379,22
5820,28
2347,18
3701,16
2694,2
1021,12
1307,23
2553,17
5286,25
2455,12
1518,9
4069,20
3583,26
3129,5
761,8
5738,23
5778,13
4225,13
2007,5
5753,26
2422,12
611,25
2901,14
5586,14
5187,5
5909,19
3750,13
953,10
4429,6
2063,7
5068,4
4921,27
5936,22
5766,28
1444,19
5773,24
2770,4
1726,16
771,1
3335,7
3368,10
5111,16
1691,13
2541,28
4211,30
5483,2
4428,17
5748,5
2413,28
5577,27
3195,7
4737,29
4560,16
3667,18
1205,24
124,29
5687,11
132,27
1083,28
3439,9
3063,13
2231,20
633,12
1754,27
4608,10
4468,26
4981,2
4871,16
5506,7
3377,14
4637,27
3967,29
5840,13
4314,5
3736,19
5531,21
3359,9
1735,22
4776,30
4350,27
5221,19
3858,15
4543,7
4884,1
2261,18
1181,5
4643,12
2030,1
1292,15
4607,1
1306,1
5649,30
867,13
4943,14
3717,22
568,17
1607,20
1139,27
120,9
4201,6
4962,15
1192,13
760,10
1697,14
1519,1
5244,16
1073,21
4173,16
4393,30
4849,24
5295,5
1402,27
4635,8
938,18
5740,18
1428,25
795,9
5759,16
2761,19
496,20
895,13
4037,3
1830,4
5636,12
414,9
1746,10
3863,4
4662,2
4056,3
3919,20
5558,20
1142,11
3027,2
380,15
5790,9
708,10
1214,30
5377,26
1777,22
144,12
1778,16
1685,30
4715,10
273,25
3476,6
5091,4
5276,8
3246,20
4130,13
2140,2
2394,11
123,26
5006,2
5546,15
4033,15
3793,14
1337,28
75,25
5892,12
1914,8
5968,15
1849,1
4712,14
3924,3
5746,29
997,7
4214,24
3398,26
3511,24
1329,8
3686,8
5239,8
4516,5
3001,10
3290,27
2363,8
1941,16
3666,19
556,1
620,24
595,3
5362,22
3266,8
4261,23
2063,25
903,9
2602,27
4729,27
1013,5
3446,2
3110,28
1603,8
3394,12
800,15
5464,24
1905,3
1940,12
5420,21
5058,10
265,30
5648,25
5115,28
5263,27
2560,18
4859,17
1475,18
1504,9
2431,12
1476,17
696,1
4310,9
4403,25
399,8
2940,7
1115,16
2278,9
207,29
3173,18
3231,4
5343,27
585,7
4983,19
4585,15
185,10
648,15
2720,29
3836,20
1983,7
3197,29
1814,12
3282,1
431,21
1721,29
3038,1
5179,9
2914,12
4397,25
918,25
1367,9
4865,26
4580,19
5730,20
3123,16
2086,27
4726,8
4248,14
4806,27
4544,8
714,21
5956,12
3209,7
5620,18
4033,22
3243,22
3459,8
3741,28
3609,15
2386,3
541,11
3796,19
5730,8
1321,6
3464,19
1917,6
360,23
5565,21
25,8
1818,13
3797,5
5034,5
2189,16
3517,13
1659,21
5909,9
1671,2
688,15
2953,28
2228,8
675,5
4820,4
4936,13
1623,6
225,20
295,20
1000,29
16,3
5208,8
451,3
2878,30
2850,11
907,8
1033,21
2962,10
3009,14
2530,1
3588,2
3158,24
3164,18
4389,26
3600,24
427,29
4841,3
1600,1
1596,13
5727,14
1749,13
1067,17
1465,24
1900,4
5393,1
2523,11
631,24
4759,22
885,26
1368,7
1639,13
316,4
2216,17
4917,24
5981,10
1681,21
5040,21
506,6
4779,17
1720,20
1214,23
1664,7
1081,8
4048,21
3015,30
1260,14
1195,18
5329,24
41,30
173,5
3514,9
2616,26
4795,2
747,21
1124,26
747,13
1795,6
3506,10
4441,18
1655,11
4533,1
1543,22
4753,9
1205,21
4250,12
2253,5
1248,11
3546,13
2417,11
3963,7
156,12
2345,13
785,27
3236,28
105,14
20,1
2628,20
1001,13
4007,6
2384,20
5870,29
1470,29
977,18
4177,7
3801,28
3581,30
5273,7
5988,27
4509,15
466,27
4151,8
3015,23
30,19
4077,10
853,17
3004,4
2539,29
3741,13
762,24
2525,2
3646,10
4940,24
1919,5
5518,20
33,5
5814,3
5736,27
2328,6
2638,2
402,25
5352,13
2125,15
708,6
861,26
5573,11
4597,15
4693,16
550,13
5356,25
3046,3
3888,29
5247,7
3015,19
5980,12
1460,25
785,28
3069,1
4656,18
3540,5
2308,3
4168,16
4547,9
4836,20
3384,13
2892,23
5889,30
346,17
5775,24
3787,5
1919,30
4399,27
5021,26
5569,3
3397,4
5864,25
1844,7
5999,25
888,22
1035,25
3598,10
5905,4
349,4
5304,11
5032,28
3058,30
4495,20
4526,24
1931,28
1853,14
568,25
5163,5
3228,28
5212,6
2681,12
1616,15
3472,3
3082,20
187,13
4573,9
5595,22
5734,5
5458,7
315,10
5186,2
1121,23
5139,13
3058,16
4204,25
5101,18
3479,21
4080,1
5032,7
5401,26
3044,27
4245,11
3170,12
867,30
3152,1
948,29
628,2
2572,4
4657,4
5209,1
2824,27
5123,25
584,30
5615,29
1521,16
3302,14
5472,16
5069,18
4123,6
2802,30
512,17
1501,7
5110,9
3426,16
5293,2
4546,23
4709,11
4829,13
2491,30
502,30
4426,16
5390,15
3552,14
4224,22
3894,11
3589,22
3093,3
3225,21
5595,6
5324,21
5144,28
85,20
5476,30
5166,25
5641,23
4964,9
5094,7
5445,21
2846,24
2107,23
289,16
621,29
1011,20
4692,9
5345,22
5048,23
3343,9
3586,6
1016,14
1466,19
2962,4
814,26
5485,12
3219,7
2401,22
4558,26
1852,20
1400,19
3672,23
823,17
985,1
3036,15
143,30
2461,7
582,18
5380,15
4260,6
4496,16
3158,30
5293,21
886,23
5355,27
388,3
1334,17
2379,8
4406,30
1700,22
4221,17
1930,5
950,10
900,20
4273,5
592,9
469,13
3983,4
316,27
4701,29
543,13
2034,8
3388,18
4174,17
1400,6
1359,15
2309,24
4334,26
541,19
918,19
2540,28
5301,11
1930,20
388,21
5970,30
1565,5
3082,4
2630,6
4377,17
1153,23
688,21
2287,3
3610,18
4626,10
600,23
1298,20
4424,9
5480,20
3367,28
2795,26
1362,26
5346,14
2038,16
2191,14
3556,9
4705,21
3297,22
1939,3
830,11
1067,4
1867,22
5447,10
1566,24
4186,16
3458,14
4849,5
5432,16
5354,2
752,29
2500,5
4147,19
4686,1
4596,6
1382,6
4754,1
3737,30
2360,20
3987,21
4718,4
2474,16
944,14
4947,6
3258,6
2359,28
4290,25
3895,7
2237,25
5987,27
555,13
4603,15
2802,11
871,8
518,13
1407,4
783,15
4448,16
3165,17
2808,30
3583,12
3415,4
454,9
5381,11
1577,12
3554,21
2146,11
1283,15
780,9
4585,26
1403,25
937,30
3424,7
5742,8
2136,18
1446,3
5507,15
4634,29
5995,13
3769,30
543,17
24,11
5435,8
4197,1
181,19
4955,19
1579,17
622,16
4340,2
5608,3
4822,13
5238,17
743,24
2081,2
648,18
4724,8
3659,14
2293,22
2619,3
2003,1
3793,8
380,22
3442,7
4293,14
1383,1
41,27
201,7
3206,1
5338,18
4933,24
3509,11
5096,13
5249,4
4860,12
2953,24
3154,15
4152,15
3811,15
4501,16
1413,20
3146,28
3314,4
659,23
5596,26
1172,2
4031,16
15,30
5009,8
1765,13
1859,5
2638,5
5374,8
3558,17
344,20
3074,19
3593,6
413,13
4221,23
100,12
4669,17
4913,23
1140,25
737,5
1868,3
5211,7
2275,23
480,5
684,10
1821,21
5478,15
1046,11
2855,26
1787,14
4022,14
1223,24
2175,8
3729,11
3649,3
2209,30
942,4
4137,27
5558,15
1603,26
5422,20
5099,4
1725,13
3774,24
4378,13
2813,13
2709,30
510,13
2612,11
4003,8
3152,9
3261,1
5781,29
4401,22
2363,15
2021,19
123,11
5101,21
2013,15
5588,1
3703,23
4158,27
2837,18
5604,29
5316,15
910,14
942,27
5772,26
3264,22
1265,13
2100,13
2935,17
1798,20
3771,20
4614,18
3724,14
1764,2
595,25
4069,18
1507,16
2117,14
4690,21
4380,15
1247,11
2584,4
2592,1
1122,29
4769,6
777,19
5378,20
1117,21
3701,6
3500,10
2295,3
4122,25
4551,8
5866,8
3575,13
5842,9
639,26
5183,5
5761,21
4103,2
5378,22
1311,28
2719,6
2424,20
2640,28
4177,16
2848,29
5044,30
4427,5
4641,20
5464,27
5684,17
2576,8
979,22
3023,26
2879,8
1996,11
1871,28
383,24
4944,4
5798,29
5555,9
726,28
5242,1
5154,26
3936,10
1246,4
268,13
3020,2
1339,15
1172,12
4528,13
160,27
728,6
5672,29
2462,24
2528,9
1632,15
1245,16
4725,26
2054,20
639,27
2586,5
3736,28
866,25
509,15
1162,5
1057,26
2153,23
2556,11
4782,4
548,9
1537,12
1460,11
1123,2
2791,5
3953,5
2605,17
3297,5
1728,24
263,26
1533,18
2616,14
3473,13
5068,9
46,19
5465,8
2720,10
4807,8
1646,6
3543,9
842,9
5905,2
3465,7
1387,24
3442,3
1713,30
108,2
4765,22
549,27
1815,14
5635,23
2064,21
1582,29
2570,14
4298,20
4204,17
2892,18
4498,24
3057,23
2799,23
2373,23
3720,13
1609,6
4888,10
1935,11
886,7
5439,18
1749,28
134,24
4761,16
4223,8
4567,10
3201,29
2609,3
4155,9
258,20
5726,13
336,11
1239,13
3713,21
1830,19
5407,20
4430,24
454,5
1100,17
2398,16
2957,24
342,9
2163,2
4186,20
4012,30
347,24
4411,25
3605,12
229,20
1432,14
5407,7
4561,23
4804,29
661,1
704,14
1924,8
4859,30
5179,22
1376,4
4848,25
430,21
1584,16
4493,26
3821,1
3729,3
4536,19
5719,7
3274,24
5270,6
4643,27
2633,25
2030,3
5807,26
1868,12
191,12
3253,28
1861,23
2791,15
2067,9
5894,22
5858,22
98,22
3281,15
4888,23
5562,6
681,18
707,20
1559,26
1653,12
4604,7
2644,29
826,16
1112,11
641,27
1889,26
2705,13
5587,4
4258,11
2071,16
2730,7
3138,14
4344,10
5462,23
111,10
2166,6
4732,10
881,23
1470,4
4832,10
2073,18
3518,2
538,29
4942,5
1362,8
3986,25
5205,14
2128,29
1233,17
916,16
760,24
3879,8
5646,14
1265,1
1146,21
3165,22
3893,24
4958,29
783,12
4896,9
1427,23
1702,7
3130,5
4272,28
1600,5
5716,27
3368,28
4014,26
2212,14
5374,22
5333,8
787,12
4965,1
3984,5
301,19
1613,30
928,24
2968,9
1173,29
1886,13
378,13
2992,6
3596,19
5770,7
1966,4
5066,27
5528,11
2818,19
2336,22
3787,1
5019,25
4575,20
3602,1
3946,10
3699,5
939,24
5443,10
1812,18
1640,15
875,12
4615,8
3568,6
5739,1
4193,30
3402,23
4355,29
691,2
5885,18
2168,27
3797,10
480,11
4482,3
4240,20
1253,26
1456,26
4042,17
322,24
3761,16
2185,8
2492,14
3475,26
4748,3
2695,30
1843,29
2061,7
13,25
1849,22
2510,29
735,15
3886,28
4065,1
5778,21
4885,28
3494,23
2208,4
2793,4
5454,9
5706,4
5504,29
2119,15
4847,4
696,24
3121,12
1577,1
5127,27
1685,2
1170,14
1610,22
5209,6
1684,18
4623,9
5480,27
5410,7
677,4
3970,14
2306,18
1208,14
2782,20
203,7
5600,25
912,29
3324,6
2943,6
2985,12
175,16
2685,28
4250,21
1970,19
3761,21
2443,2
2397,16
4282,30
4392,13
1373,18
468,25
3311,13
5870,4
4462,18
2279,4
3728,19
4952,9
5030,4
581,7
5257,2
1699,10
2431,4
3986,24
5986,11
3180,25
3715,18
3453,22
4362,23
4525,30
4827,20
1329,1
2370,24
5711,3
3259,23
4686,28
2703,17
3804,9
930,17
4070,22
3980,13
4804,3
5277,7
1914,30
2091,23
4259,10
4926,28
2664,25
3658,18
5631,22
339,13
885,19
4072,20
5087,10
3486,21
1025,19
2011,7
1402,2
1588,28
3117,24
2748,12
686,11
1212,7
3866,2
5448,9
2294,27
391,9
5206,8
492,28
4583,5
781,4
4661,21
3817,1
1219,21
4168,19
3424,10
5423,29
1302,29
2566,19
5535,24
739,17
3746,13
2856,20
600,13
4024,5
2751,23
1057,12
3396,26
4319,7
5448,18
3917,21
830,3
2616,25
5793,20
1187,8
5872,22
2996,28
1916,23
1294,17
3707,4
6000,9
4776,9
4688,18
2735,21
3975,13
3063,25
1839,12
607,5
346,12
2124,8
1789,27
796,12
5309,25
5776,2
3054,20
5155,2
5212,12
5190,9
676,15
5859,29
5515,28
2705,2
981,17
3941,16
3940,12
5903,10
852,4
1635,13
823,27
4949,7
5873,27
5783,3
2562,25
413,18
4195,14
5146,16
2894,21
2125,22
5475,10
2545,19
1837,21
538,20
3371,29
5208,24
3309,24
4536,20
3484,10
5274,27
2202,22
5584,23
2770,23
2581,23
3309,9
733,19
1622,28
3563,3
751,2
2464,18
4993,15
4073,17
1803,17
3900,10
5675,11
4720,28
1622,8
2266,2
3663,27
877,11
4332,19
2494,27
4507,30
2217,24
4961,16
1022,13
1330,17
2840,29
2417,22
3299,17
1583,3
906,14
977,3
2256,20
2148,24
408,12
5269,6
1976,26
4054,26
2567,12
558,18
4582,29
4508,17
2256,9
741,5
1277,5
2729,17
3974,22
4098,24
3473,30
2419,3
4377,12
1433,13
3502,14
401,28
732,23
275,2
143,20
1346,21
2939,26
5685,12
5651,7
2197,11
2814,15
322,17
2142,24
3686,6
1199,13
333,24
2444,5
4350,29
236,3
4944,15
2825,3
4987,23
5329,9
2279,14
2535,25
471,3
2735,14
3677,30
5989,6
1795,8
3700,27
5641,4
2133,15
3775,21
4473,10
2202,25
284,17
852,5
4705,30
1987,3
1142,29
3233,17
2833,9
1833,23
1206,5
3588,22
1620,11
595,18
860,25
5442,5
3964,13
4015,20
5289,24
2396,21
4552,9
4230,28
3871,2
1043,21
1647,27
5761,23
5847,29
659,3
3322,13
1495,25
167,18
3684,6
5475,3
4976,15
3535,18
2477,27
4344,9
4625,9
5211,9
1816,14
1813,3
1556,1
3441,23
5500,5
3612,23
3267,6
1842,30
4100,7
979,2
3229,29
3538,27
3439,3
3208,10
4212,15
5624,13
3397,1
2696,25
3386,25
5699,19
2315,21
1734,5
607,28
4781,23
1638,8
5073,20
3891,26
575,8
3641,28
1614,10
4168,21
5679,5
1085,15
1590,8
3273,2
2876,29
2202,10
4888,15
3049,16
4533,20
4079,2
2480,1
5053,21
1317,12
9,19
1922,14
2448,24
2588,12
622,4
5242,21
88,22
1162,2
772,24
2415,24
4228,2
5957,19
2275,12
3879,28
3599,14
5313,13
611,2
5278,17
3409,28
5735,10
768,16
5546,13
2376,26
2996,5
5802,22
5141,24
3232,15
2083,10
2362,3
219,30
1770,7
3675,23
1055,20
3572,19
4979,14
5201,29
5394,4
4415,6
1432,7
828,25
3942,3
2049,26
5398,26
2340,24
5761,30
5066,20
3176,17
3178,3
5836,3
2954,29
1348,8
1342,27
3778,4
688,3
248,22
4317,11
3241,23
3483,18
2020,19
2505,23
4968,24
2518,20
1148,11
980,19
2913,24
4242,27
574,26
5078,20
699,17
5268,21
2508,30
5215,26
5931,5
208,6
3866,1
3498,18
4390,21
3389,24
4256,12
3639,8
2613,16
4396,17
5010,18
760,7
2163,13
5614,14
1158,15
2577,28
3207,21
4013,2
1295,29
3298,24
2555,3
4767,21
1623,12
3296,24
2754,3
2123,20
151,1
4145,14
840,20
2249,19
2817,28
2498,14
5182,16
4559,14
3788,18
4012,15
3510,7
253,23
3443,12
3290,19
540,16
3458,13
4963,28
3315,6
311,5
4275,25
2089,16
290,28
2186,26
5155,21
1371,24
5516,16
209,23
5192,12
3399,14
164,24
3017,18
217,26
4547,12
5706,17
5770,27
1226,9
2889,10
884,10
1776,26
1786,15
977,11
1295,24
1159,13
5089,24
3547,18
4144,25
5766,2
4339,21
4921,20
61,6
1537,3
4530,3
3253,9
5965,2
4750,11
3025,17
2580,2
1830,16
1627,12
4324,28
3347,24
5116,2
3423,16
3279,22
5273,5
4687,1
5736,13
5490,2
5011,4
2785,30
1025,2
4782,14
4811,15
2973,17
646,2
5272,22
576,27
5624,7
2270,24
3382,26
4670,5
2491,27
4044,6
5972,26
5855,23
454,23
5835,10
1946,17
4769,5
3009,5
5542,10
1790,30
5695,25
3708,28
1229,18
4629,24
983,12
1885,17
1869,15
1000,11
4244,26
4530,23
775,27
119,22
3333,1
2002,21
2493,12
4513,1
5413,8
5114,28
1715,10
5573,29
4952,17
4671,5
2207,21
3476,3
2809,20
2087,4
1807,23
627,9
455,7
5433,16
112,25
1948,13
1285,18
2833,15
3320,23
5672,9
3868,29
3528,1
18,8
4512,8
2623,26
2260,10
162,15
5196,27
5461,18
3399,28
5409,29
90,24
4007,2
4951,9
1666,1
3865,16
4680,1
2909,5
2652,28
3644,14
836,13
628,13
2706,27
1536,20
2569,14
2081,3
5879,9
5852,12
5548,27
1951,21
678,18
3617,18
3541,24
5579,6
3480,5
4254,8
2963,10
3744,17
868,17
2533,25
3873,24
5185,24
5646,28
1996,30
4460,22
3648,19
3402,19
158,4
1005,18
3889,6
5796,15
4777,22
3691,5
2442,5
4584,2
5175,2
3609,29
2967,24
2230,10
748,23
3757,27
5821,9
2085,26
461,30
5008,4
5142,20
971,14
4784,2
5459,28
788,7
2660,14
1772,28
5419,20
2211,20
1095,25
5395,29
4410,23
3047,17
1004,13
1853,3
859,3
2225,24
2068,27
2563,12
4363,26
3770,10
2288,4
5856,28
1630,4
5335,28
2530,11
1268,11
4241,2
2760,11
5608,8
4519,8
5498,12
693,10
3497,10
3976,28
527,1
5445,22
1470,14
2534,15
2795,18
3841,22
4106,27
2384,4
887,15
5184,28
4136,12
1196,17
5502,9
3492,5
241,13
5413,9
5483,17
5526,3
3468,11
5397,17
4234,25
5956,23
5804,9
529,9
2461,18
2835,23
3998,10
1880,28
1418,28
1343,6
5872,23
3118,30
5043,19
5971,21
5372,29
4322,20
5751,22
5118,24
400,2
1196,9
2264,21
3923,2
3740,13
4522,15
1508,5
4178,8
3720,17
2625,8
5463,19
901,21
4087,6
5465,18
4344,19
831,25
1144,24
5929,2
5567,1
3853,4
3585,5
1925,15
3488,29
3720,7
2289,18
2324,25
3192,5
1237,20
3596,8
4276,12
4085,4
4919,21
3153,29
2376,12
4376,8
820,25
4931,3
3519,26
4520,25
1680,3
4830,24
4764,20
5001,28
1851,19
3173,24
4097,3
5953,28
2770,16
5696,22
2722,16
5719,14
625,29
2395,3
1258,13
4356,1
2144,20
3196,9
5920,10
1754,30
1939,2
913,2
3709,10
3337,16
263,25
5599,6
4800,8
798,28
1001,1
2992,8
207,18
3605,7
3143,26
4898,15
4241,16
2498,19
5507,3
4609,28
5671,28
3844,24
3550,26
907,17
3747,30
1851,23
2604,8
2047,20
5753,7
2883,10
676,25
5634,23
2415,10
596,8
3736,14
4496,2
5771,1
214,3
303,26
1983,14
3157,9
4449,22
3222,12
4019,9
4234,21
366,24
4949,27
1506,23
1404,23
917,28
5490,14
763,10
153,21
2695,18
5405,6
5026,5
4050,9
5707,13
1244,14
1137,2
4459,28
1231,11
5267,5
5029,20
3968,26
789,23
5498,2
2282,3
607,21
5905,10
5766,18
4888,16
1287,9
2644,14
3874,17
520,25
3862,30
5442,8
2188,26
1757,19
5790,16
2269,5
801,6
340,28
4552,11
4987,3
4350,23
468,15
3509,12
3950,22
3618,4
4072,27
3049,24
566,7
590,29
4080,12
3706,14
242,4
749,20
5224,6
1811,26
3784,23
4660,7
2395,11
5161,18
3692,29
38,9
412,5
2977,29
1353,27
724,23
1814,18
3568,19
1620,13
2989,2
2787,28
2475,20
2762,17
3604,16
2366,30
3642,17
5207,8
5857,29
5779,18
5666,5
2405,14
602,11
169,28
4264,21
3096,6
840,3
4279,18
281,11
1660,17
1464,21
105,21
1513,3
3078,2
1467,23
2282,7
5464,14
4426,22
3083,27
3856,15
2129,11
931,28
5551,6
2241,2
786,8
4256,29
1292,23
2720,8
5691,20
3422,27
838,24
291,11
1271,6
5468,2
3482,11
375,8
2253,10
1179,22
5295,11
1207,26
4681,8
150,9
2419,4
3875,14
5837,26
5263,3
2067,2
2815,1
2303,4
2222,17
4983,22
1606,16
4722,21
4860,29
4461,7
4118,20
4321,6
156,13
2826,21
477,15
3001,27
4902,27
4191,13
2018,29
2413,13
3259,2
4237,29
4738,15
4693,14
893,9
115,24
5467,1
1264,29
4454,30
4046,10
3810,10
1943,2
1609,14
5022,12
2338,5
4305,12
1125,16
1634,3
2259,14
3710,27
395,30
2463,6
5114,3
1868,20
5493,1
1048,26
2044,30
1188,27
769,13
5051,6
2182,16
2861,19
2244,16
3550,21
4704,10
5957,4
4153,1
5913,2
2992,28
4421,28
3756,30
1552,2
4081,8
394,26
4795,29
3779,29
5769,24
4587,8
3285,1
3457,25
3317,25
1847,12
4347,18
2550,11
4071,24
3889,21
2537,14
3344,15
2948,26
770,17
5615,28
1540,17
5823,30
408,22
815,7
1442,12
4451,14
2485,10
3093,11
461,14
4720,27
4273,18
4802,26
5856,6
2775,4
4210,17
3315,21
4535,15
3228,29
1481,4
4108,25
5048,15
1397,2
834,23
3114,16
4968,20
2516,30
4783,17
5998,4
268,22
5717,30
3211,22
281,15
1985,2
1068,11
5141,29
3881,8
3527,26
2841,17
4057,22
1614,9
2190,30
2801,10
1398,22
3517,9
614,14
1330,22
3703,2
5719,28
2432,18
1265,14
5230,10
3551,20
5084,27
1887,1
5816,21
1708,15
5803,23
742,23
5849,9
2579,23
3562,25
1551,30
1707,26
4030,11
2949,23
3344,20
333,12
3010,16
5068,19
4159,15
3023,27
4162,2
5806,22
2663,4
2267,11
237,11
5990,1
4356,30
3243,11
2859,29
3442,20
1762,23
2510,22
2946,16
4196,27
1899,2
5138,7
1828,9
5867,26
2579,1
5926,14
2257,22
2740,20
2568,17
4332,30
4116,18
5680,9
3319,3
4397,28
5759,30
4205,20
1601,30
2756,8
3679,5
4875,11
5890,22
1005,6
17,13
2870,18
3384,3
3095,11
695,17
3811,29
4798,21
799,3
5998,8
3952,11
2225,4
1011,11
1755,10
5500,13
4580,14
3007,12
5164,3
2750,15
4894,24
2375,8
851,19
5031,23
1475,4
482,9
4375,2
453,12
2048,22
3818,29
557,9
130,12
41,10
5763,4
4351,1
3505,10