127,1364,2019-02-16 08:43:22,Toxic 
1364,127,2019-02-16 08:43:22,Toxic 
127,399,2021-05-22 14:12:30,Toxic 
399,127,2021-05-22 14:12:30,Toxic 
127,1808,2017-06-03 07:27:07,
1808,127,2017-06-03 07:27:07,
1483,683,2020-07-17 20:12:03,
683,1483,2020-07-17 20:12:03,
1862,217,2022-04-06 17:27:11,Toxic 
217,1862,2022-04-06 17:27:11,
1862,1432,2017-05-12 16:34:55,
1432,1862,2017-05-12 16:34:55,Toxic 
1862,1957,2021-02-02 17:37:19,
1957,1862,2021-02-02 17:37:19,
1862,280,2022-01-16 15:54:46,Toxic 
280,1862,2022-01-16 15:54:46,Toxic 
1862,970,2022-01-01 00:42:17,
970,1862,2022-01-01 00:42:17,
1862,1904,2018-01-18 13:00:33,Toxic 
1904,1862,2018-01-18 13:00:33,Toxic 
222,547,2021-05-21 02:05:28,
547,222,2021-05-21 02:05:28,
222,5,2017-11-20 02:52:32,
5,222,2017-11-20 02:52:32,
222,1272,2021-10-10 09:15:54,
1272,222,2021-10-10 09:15:54,
222,1230,2019-03-27 19:20:22,
1230,222,2019-03-27 19:20:22,
222,88,2017-09-12 13:52:04,
88,222,2017-09-12 13:52:04,
222,200,2018-04-03 18:37:35,
200,222,2018-04-03 18:37:35,Toxic 
222,1517,2019-03-21 08:31:59,
1517,222,2019-03-21 08:31:59,Toxic 
222,2000,2018-12-24 05:14:24,
2000,222,2018-12-24 05:14:24,
222,1292,2019-04-24 01:10:51,
1292,222,2019-04-24 01:10:51,Toxic 
222,418,2022-02-26 12:53:22,
418,222,2022-02-26 12:53:22,
222,90,2019-08-23 23:26:31,Toxic 
90,222,2019-08-23 23:26:31,
222,1694,2017-08-18 10:26:50,
1694,222,2017-08-18 10:26:50,Toxic 
744,1196,2022-05-29 09:45:50,
1196,744,2022-05-29 09:45:50,
744,311,2019-12-02 01:06:48,
311,744,2019-12-02 01:06:48,
744,1201,2019-05-06 11:31:04,Toxic 
1201,744,2019-05-06 11:31:04,
744,799,2021-12-22 15:34:53,Toxic 
799,744,2021-12-22 15:34:53,
744,1981,2022-05-20 19:58:43,
1981,744,2022-05-20 19:58:43,
744,1640,2017-10-26 16:54:55,Toxic 
1640,744,2017-10-26 16:54:55,
744,574,2017-09-09 15:10:49,
574,744,2017-09-09 15:10:49,Toxic 
744,1010,2018-04-29 05:00:54,
1010,744,2018-04-29 05:00:54,Toxic 
744,1111,2021-10-04 21:00:33,Toxic 
1111,744,2021-10-04 21:00:33,Toxic 
744,944,2017-08-07 10:14:22,Toxic 
944,744,2017-08-07 10:14:22,
744,1476,2021-01-14 13:43:27,Toxic 
1476,744,2021-01-14 13:43:27,
744,615,2022-05-02 20:18:25,
615,744,2022-05-02 20:18:25,Toxic 
1187,383,2017-06-15 01:22:44,Toxic 
383,1187,2017-06-15 01:22:44,Toxic 
1187,1589,2018-02-14 05:00:38,
1589,1187,2018-02-14 05:00:38,Toxic 
1187,838,2020-05-01 20:22:22,
838,1187,2020-05-01 20:22:22,
1187,680,2017-05-03 08:07:03,
680,1187,2017-05-03 08:07:03,Toxic 
1860,303,2020-12-19 09:48:23,Toxic 
303,1860,2020-12-19 09:48:23,Toxic 
1860,1889,2019-07-08 22:56:18,
1889,1860,2019-07-08 22:56:18,Toxic 
1860,1170,2017-07-28 08:22:32,
1170,1860,2017-07-28 08:22:32,Toxic 
1860,596,2019-08-07 05:44:33,
596,1860,2019-08-07 05:44:33,Toxic 
1860,1739,2017-04-23 06:56:54,
1739,1860,2017-04-23 06:56:54,
332,859,2020-03-02 04:12:19,Toxic 
859,332,2020-03-02 04:12:19,
332,337,2019-09-05 09:55:36,
337,332,2019-09-05 09:55:36,Toxic 
332,131,2022-03-31 19:29:32,
131,332,2022-03-31 19:29:32,
364,952,2022-03-29 16:30:15,Toxic 
952,364,2022-03-29 16:30:15,
364,1413,2020-01-25 18:03:06,Toxic 
1413,364,2020-01-25 18:03:06,Toxic 
364,1077,2018-11-02 00:36:12,
1077,364,2018-11-02 00:36:12,
364,1583,2019-01-26 07:57:16,Toxic 
1583,364,2019-01-26 07:57:16,
364,742,2018-08-12 09:02:15,
742,364,2018-08-12 09:02:15,
364,954,2018-07-19 03:23:18,Toxic 
954,364,2018-07-19 03:23:18,
364,250,2018-10-05 04:37:39,Toxic 
250,364,2018-10-05 04:37:39,Toxic 
364,1879,2020-08-29 12:22:01,Toxic 
1879,364,2020-08-29 12:22:01,
364,258,2022-04-12 00:03:49,
258,364,2022-04-12 00:03:49,Toxic 
265,1760,2018-07-11 07:12:21,Toxic 
1760,265,2018-07-11 07:12:21,
265,259,2018-02-01 10:39:17,Toxic 
259,265,2018-02-01 10:39:17,
752,1175,2019-10-12 12:51:39,
1175,752,2019-10-12 12:51:39,Toxic 
752,1461,2022-01-25 00:26:02,
1461,752,2022-01-25 00:26:02,
752,1605,2019-06-11 23:07:46,
1605,752,2019-06-11 23:07:46,
752,41,2018-10-11 17:36:19,
41,752,2018-10-11 17:36:19,
752,680,2017-05-11 19:22:14,
680,752,2017-05-11 19:22:14,Toxic 
752,633,2020-04-04 21:32:33,Toxic 
633,752,2020-04-04 21:32:33,
752,1819,2019-03-13 14:30:33,Toxic 
1819,752,2019-03-13 14:30:33,
752,347,2020-05-02 15:15:53,
347,752,2020-05-02 15:15:53,
752,631,2017-12-19 18:30:24,Toxic 
631,752,2017-12-19 18:30:24,Toxic 
752,463,2021-06-04 12:50:31,
463,752,2021-06-04 12:50:31,Toxic 
752,1734,2020-10-11 08:59:38,
1734,752,2020-10-11 08:59:38,Toxic 
752,70,2021-11-18 17:35:38,Toxic 
70,752,2021-11-18 17:35:38,Toxic 
1581,1875,2018-09-17 14:27:10,
1875,1581,2018-09-17 14:27:10,
1581,742,2021-10-08 19:39:14,
742,1581,2021-10-08 19:39:14,Toxic 
1581,1301,2021-09-20 07:19:14,Toxic 
1301,1581,2021-09-20 07:19:14,Toxic 
1614,1936,2022-01-03 18:35:05,
1936,1614,2022-01-03 18:35:05,
1614,377,2021-05-02 15:46:42,
377,1614,2021-05-02 15:46:42,Toxic 
1614,1632,2018-09-05 11:56:06,Toxic 
1632,1614,2018-09-05 11:56:06,Toxic 
1614,1977,2020-01-12 18:47:53,Toxic 
1977,1614,2020-01-12 18:47:53,
1614,98,2022-05-13 19:25:35,
98,1614,2022-05-13 19:25:35,Toxic 
1614,229,2020-11-04 19:51:22,
229,1614,2020-11-04 19:51:22,
1614,1502,2019-10-13 22:15:33,Toxic 
1502,1614,2019-10-13 22:15:33,
1614,405,2022-05-17 02:47:08,
405,1614,2022-05-17 02:47:08,Toxic 
1614,619,2020-08-19 07:27:34,
619,1614,2020-08-19 07:27:34,
576,387,2022-05-18 07:18:47,
387,576,2022-05-18 07:18:47,
576,1165,2018-06-06 13:29:12,
1165,576,2018-06-06 13:29:12,
576,1838,2020-08-14 05:10:26,
1838,576,2020-08-14 05:10:26,Toxic 
576,1402,2021-07-11 12:36:30,
1402,576,2021-07-11 12:36:30,
576,1418,2021-11-04 16:14:51,
1418,576,2021-11-04 16:14:51,Toxic 
576,798,2018-12-04 01:45:11,
798,576,2018-12-04 01:45:11,
1819,406,2022-04-11 08:27:41,
406,1819,2022-04-11 08:27:41,
774,119,2022-02-04 13:52:39,
119,774,2022-02-04 13:52:39,
774,479,2021-09-23 15:44:01,
479,774,2021-09-23 15:44:01,
774,1095,2019-10-29 01:50:28,
1095,774,2019-10-29 01:50:28,
774,1934,2021-05-09 12:09:15,Toxic 
1934,774,2021-05-09 12:09:15,
774,1143,2021-10-21 22:04:36,
1143,774,2021-10-21 22:04:36,
774,735,2018-06-29 02:37:08,Toxic 
735,774,2018-06-29 02:37:08,Toxic 
774,1842,2021-01-21 22:42:51,
1842,774,2021-01-21 22:42:51,
1531,1783,2017-05-05 02:36:40,Toxic 
1783,1531,2017-05-05 02:36:40,
1531,121,2017-08-08 12:01:10,
121,1531,2017-08-08 12:01:10,
1531,933,2017-04-12 09:20:43,Toxic 
933,1531,2017-04-12 09:20:43,
1531,145,2017-04-09 04:25:37,
145,1531,2017-04-09 04:25:37,
1531,1397,2019-10-17 10:10:13,
1397,1531,2019-10-17 10:10:13,
1531,55,2017-12-12 21:55:08,
55,1531,2017-12-12 21:55:08,
1531,1986,2018-09-03 04:41:39,Toxic 
1986,1531,2018-09-03 04:41:39,Toxic 
1531,944,2019-07-02 03:06:04,
944,1531,2019-07-02 03:06:04,Toxic 
1531,369,2019-02-07 19:46:09,
369,1531,2019-02-07 19:46:09,Toxic 
681,1632,2021-01-04 03:33:48,
1632,681,2021-01-04 03:33:48,Toxic 
681,747,2022-05-01 22:42:15,Toxic 
747,681,2022-05-01 22:42:15,Toxic 
681,817,2022-04-01 06:50:43,
817,681,2022-04-01 06:50:43,
681,1920,2021-05-06 04:56:09,
1920,681,2021-05-06 04:56:09,Toxic 
681,1350,2021-03-14 22:26:40,
1350,681,2021-03-14 22:26:40,Toxic 
681,1032,2019-05-09 07:48:32,
1032,681,2019-05-09 07:48:32,Toxic 
681,1016,2019-12-29 09:57:38,
1016,681,2019-12-29 09:57:38,
681,1924,2021-10-02 02:58:26,Toxic 
1924,681,2021-10-02 02:58:26,Toxic 
681,612,2017-07-22 21:14:15,
612,681,2017-07-22 21:14:15,Toxic 
681,1624,2019-06-07 23:05:06,
1624,681,2019-06-07 23:05:06,
681,600,2019-04-12 05:45:06,
600,681,2019-04-12 05:45:06,Toxic 
681,271,2018-08-11 20:50:31,
271,681,2018-08-11 20:50:31,Toxic 
200,388,2020-04-13 11:02:08,Toxic 
388,200,2020-04-13 11:02:08,
200,1770,2017-11-28 01:26:46,Toxic 
1770,200,2017-11-28 01:26:46,Toxic 
200,1816,2017-06-30 08:38:53,
1816,200,2017-06-30 08:38:53,Toxic 
200,1181,2018-05-02 01:00:30,
1181,200,2018-05-02 01:00:30,
200,1253,2018-08-12 12:07:49,
1253,200,2018-08-12 12:07:49,
1059,1396,2017-09-04 17:41:08,Toxic 
1396,1059,2017-09-04 17:41:08,
1059,1524,2021-04-18 07:28:37,
1524,1059,2021-04-18 07:28:37,
1059,1423,2021-01-11 04:08:29,
1423,1059,2021-01-11 04:08:29,
1059,407,2020-02-09 22:34:48,
407,1059,2020-02-09 22:34:48,Toxic 
1059,1882,2017-09-21 04:16:28,Toxic 
1882,1059,2017-09-21 04:16:28,
1059,1823,2021-08-14 20:23:55,
1823,1059,2021-08-14 20:23:55,Toxic 
662,1551,2022-04-24 00:31:23,
1551,662,2022-04-24 00:31:23,
662,1918,2020-04-05 10:43:56,
1918,662,2020-04-05 10:43:56,
662,2,2019-08-24 12:35:47,
2,662,2019-08-24 12:35:47,
662,1561,2020-01-16 23:22:38,Toxic 
1561,662,2020-01-16 23:22:38,
662,222,2017-10-14 04:39:26,Toxic 
222,662,2017-10-14 04:39:26,Toxic 
662,888,2022-05-26 08:21:07,
888,662,2022-05-26 08:21:07,
662,420,2017-11-07 10:42:50,
420,662,2017-11-07 10:42:50,
662,1732,2018-11-17 12:34:09,
1732,662,2018-11-17 12:34:09,Toxic 
662,57,2020-09-28 12:14:56,
57,662,2020-09-28 12:14:56,
662,474,2020-04-14 22:00:58,
474,662,2020-04-14 22:00:58,Toxic 
662,1306,2021-05-21 00:35:32,
1306,662,2021-05-21 00:35:32,Toxic 
662,1954,2019-12-23 21:52:21,
1954,662,2019-12-23 21:52:21,Toxic 
262,652,2022-02-13 13:30:00,Toxic 
652,262,2022-02-13 13:30:00,
262,415,2019-02-21 06:51:35,
415,262,2019-02-21 06:51:35,Toxic 
262,976,2017-10-18 20:07:02,
976,262,2017-10-18 20:07:02,
262,1350,2019-04-16 02:18:12,Toxic 
1350,262,2019-04-16 02:18:12,
262,377,2019-03-22 20:50:41,
377,262,2019-03-22 20:50:41,
262,821,2022-03-14 11:18:05,
821,262,2022-03-14 11:18:05,Toxic 
1369,546,2022-03-31 15:46:15,
546,1369,2022-03-31 15:46:15,
1369,765,2020-05-07 11:24:45,
765,1369,2020-05-07 11:24:45,
1369,1030,2021-06-05 04:57:29,
1030,1369,2021-06-05 04:57:29,Toxic 
1369,260,2020-07-26 18:52:14,Toxic 
260,1369,2020-07-26 18:52:14,
1369,702,2019-05-31 07:27:50,
702,1369,2019-05-31 07:27:50,Toxic 
1369,1140,2022-01-09 19:34:01,Toxic 
1140,1369,2022-01-09 19:34:01,
1085,1310,2020-12-01 22:00:03,Toxic 
1310,1085,2020-12-01 22:00:03,Toxic 
626,794,2021-10-31 13:03:21,
794,626,2021-10-31 13:03:21,
1409,420,2017-06-01 09:01:48,
420,1409,2017-06-01 09:01:48,Toxic 
1409,764,2022-05-11 03:49:03,Toxic 
764,1409,2022-05-11 03:49:03,Toxic 
1409,1932,2019-04-28 00:32:46,
1932,1409,2019-04-28 00:32:46,Toxic 
873,680,2018-06-27 13:27:24,
680,873,2018-06-27 13:27:24,Toxic 
873,1922,2019-07-04 01:32:11,Toxic 
1922,873,2019-07-04 01:32:11,
873,1003,2021-04-27 14:49:13,
1003,873,2021-04-27 14:49:13,Toxic 
873,1863,2020-02-08 16:11:30,
1863,873,2020-02-08 16:11:30,
873,70,2021-08-28 10:23:52,Toxic 
70,873,2021-08-28 10:23:52,
873,848,2020-08-18 15:04:35,
848,873,2020-08-18 15:04:35,Toxic 
873,609,2017-12-05 07:52:38,
609,873,2017-12-05 07:52:38,
873,237,2017-10-19 22:23:40,
237,873,2017-10-19 22:23:40,Toxic 
873,948,2017-05-03 22:21:57,
948,873,2017-05-03 22:21:57,
873,590,2019-12-04 09:47:25,
590,873,2019-12-04 09:47:25,
873,1334,2017-07-23 11:12:49,
1334,873,2017-07-23 11:12:49,
873,1285,2017-10-16 09:32:17,
1285,873,2017-10-16 09:32:17,
647,1392,2019-05-05 20:32:06,
1392,647,2019-05-05 20:32:06,
647,596,2019-01-11 14:39:17,
596,647,2019-01-11 14:39:17,Toxic 
647,1483,2017-04-13 00:02:31,
1483,647,2017-04-13 00:02:31,Toxic 
647,355,2021-04-27 16:33:48,
355,647,2021-04-27 16:33:48,
647,1239,2018-01-23 04:02:49,
1239,647,2018-01-23 04:02:49,
647,1391,2018-05-12 00:43:35,Toxic 
1391,647,2018-05-12 00:43:35,
647,171,2017-11-30 17:57:03,
171,647,2017-11-30 17:57:03,
647,718,2022-05-20 02:27:58,
718,647,2022-05-20 02:27:58,
845,939,2019-10-06 08:21:24,
939,845,2019-10-06 08:21:24,Toxic 
845,979,2020-07-05 12:12:34,
979,845,2020-07-05 12:12:34,
845,854,2018-07-24 08:33:27,Toxic 
854,845,2018-07-24 08:33:27,
845,889,2017-05-03 08:44:48,
889,845,2017-05-03 08:44:48,
845,1227,2020-04-06 19:34:05,
1227,845,2020-04-06 19:34:05,
845,773,2017-09-07 16:37:18,
773,845,2017-09-07 16:37:18,Toxic 
503,1490,2021-01-13 03:43:40,Toxic 
1490,503,2021-01-13 03:43:40,
503,1880,2022-05-23 20:23:33,
1880,503,2022-05-23 20:23:33,Toxic 
503,44,2020-05-05 18:14:36,Toxic 
44,503,2020-05-05 18:14:36,
503,1197,2021-04-13 20:34:05,Toxic 
1197,503,2021-04-13 20:34:05,Toxic 
503,1626,2018-01-14 14:42:15,Toxic 
1626,503,2018-01-14 14:42:15,Toxic 
1245,1397,2020-10-02 09:59:06,
1397,1245,2020-10-02 09:59:06,
1245,112,2020-12-09 00:41:13,
112,1245,2020-12-09 00:41:13,
1706,377,2019-06-24 22:12:42,
377,1706,2019-06-24 22:12:42,
1706,1932,2022-05-03 23:55:20,
1932,1706,2022-05-03 23:55:20,Toxic 
1706,164,2022-04-14 15:16:28,Toxic 
164,1706,2022-04-14 15:16:28,
1706,1245,2020-10-12 23:26:45,
1245,1706,2020-10-12 23:26:45,Toxic 
1706,872,2018-07-11 00:18:11,
872,1706,2018-07-11 00:18:11,
1706,521,2021-02-12 22:15:02,
521,1706,2021-02-12 22:15:02,
1706,499,2017-11-24 07:49:06,Toxic 
499,1706,2017-11-24 07:49:06,Toxic 
1706,1928,2019-08-25 19:56:03,
1928,1706,2019-08-25 19:56:03,Toxic 
1706,1069,2020-09-19 14:28:02,
1069,1706,2020-09-19 14:28:02,
1706,1016,2021-07-14 07:00:26,
1016,1706,2021-07-14 07:00:26,
1706,1224,2021-01-22 12:09:06,
1224,1706,2021-01-22 12:09:06,
1953,1636,2020-06-25 07:47:07,Toxic 
1636,1953,2020-06-25 07:47:07,
1953,645,2021-07-12 22:01:11,Toxic 
645,1953,2021-07-12 22:01:11,Toxic 
1953,1022,2022-05-31 01:16:39,
1022,1953,2022-05-31 01:16:39,Toxic 
1953,866,2021-10-02 03:09:49,
866,1953,2021-10-02 03:09:49,
1953,1979,2020-04-12 04:05:43,
1979,1953,2020-04-12 04:05:43,
1953,568,2018-04-23 12:22:11,
568,1953,2018-04-23 12:22:11,
1953,992,2022-05-21 19:49:58,Toxic 
992,1953,2022-05-21 19:49:58,Toxic 
1953,1597,2021-10-01 11:29:11,Toxic 
1597,1953,2021-10-01 11:29:11,Toxic 
1312,1887,2022-05-15 21:38:07,Toxic 
1887,1312,2022-05-15 21:38:07,Toxic 
1312,1853,2022-05-11 07:14:13,
1853,1312,2022-05-11 07:14:13,Toxic 
1312,1023,2019-01-21 06:04:47,Toxic 
1023,1312,2019-01-21 06:04:47,
1312,1804,2019-12-20 10:48:00,
1804,1312,2019-12-20 10:48:00,Toxic 
1312,1698,2020-11-24 00:19:27,
1698,1312,2020-11-24 00:19:27,Toxic 
1312,848,2017-09-23 01:46:59,
848,1312,2017-09-23 01:46:59,
672,620,2020-05-23 23:49:56,Toxic 
620,672,2020-05-23 23:49:56,Toxic 
672,1961,2020-09-22 03:35:43,
1961,672,2020-09-22 03:35:43,
672,775,2021-05-28 14:23:40,
775,672,2021-05-28 14:23:40,
672,1151,2021-03-28 23:23:40,Toxic 
1151,672,2021-03-28 23:23:40,Toxic 
1899,1399,2021-07-22 14:29:34,Toxic 
1399,1899,2021-07-22 14:29:34,
1899,1829,2019-03-27 20:55:41,
1829,1899,2019-03-27 20:55:41,Toxic 
1899,351,2018-01-11 10:59:20,
351,1899,2018-01-11 10:59:20,
1899,1194,2021-01-16 23:14:26,Toxic 
1194,1899,2021-01-16 23:14:26,
1899,1918,2018-02-10 00:25:47,Toxic 
1918,1899,2018-02-10 00:25:47,
1899,768,2020-08-15 14:49:49,
768,1899,2020-08-15 14:49:49,
1899,1782,2022-02-25 03:03:22,Toxic 
1782,1899,2022-02-25 03:03:22,
1587,1377,2019-04-18 11:13:12,
1377,1587,2019-04-18 11:13:12,
1587,53,2021-03-26 03:13:41,Toxic 
53,1587,2021-03-26 03:13:41,Toxic 
1587,1945,2018-11-13 13:40:13,
1945,1587,2018-11-13 13:40:13,
1587,1900,2019-08-22 02:02:49,Toxic 
1900,1587,2019-08-22 02:02:49,
1587,1136,2022-04-17 03:07:35,
1136,1587,2022-04-17 03:07:35,Toxic 
1587,1308,2022-04-11 16:13:20,
1308,1587,2022-04-11 16:13:20,
1587,1778,2020-06-14 19:53:03,
1778,1587,2020-06-14 19:53:03,Toxic 
1587,365,2019-08-02 18:36:07,
365,1587,2019-08-02 18:36:07,
1587,1694,2022-01-13 23:24:19,
1694,1587,2022-01-13 23:24:19,Toxic 
1587,1043,2017-07-17 16:41:00,Toxic 
1043,1587,2017-07-17 16:41:00,
1587,1161,2020-12-19 04:02:44,Toxic 
1161,1587,2020-12-19 04:02:44,
1587,20,2017-12-03 10:55:21,
20,1587,2017-12-03 10:55:21,
1842,1084,2021-01-13 00:27:31,Toxic 
1084,1842,2021-01-13 00:27:31,Toxic 
1842,1355,2020-02-25 08:16:43,
1355,1842,2020-02-25 08:16:43,
1842,871,2018-12-13 02:50:38,
871,1842,2018-12-13 02:50:38,Toxic 
1842,339,2018-01-17 21:17:40,
339,1842,2018-01-17 21:17:40,
1842,538,2019-05-24 12:35:36,
538,1842,2019-05-24 12:35:36,Toxic 
1842,677,2020-01-24 14:48:46,
677,1842,2020-01-24 14:48:46,Toxic 
1842,610,2017-04-03 08:56:07,
610,1842,2017-04-03 08:56:07,
1137,784,2022-05-16 08:17:39,
784,1137,2022-05-16 08:17:39,
1137,63,2021-11-11 17:02:48,
63,1137,2021-11-11 17:02:48,Toxic 
1137,538,2018-01-05 15:20:53,
538,1137,2018-01-05 15:20:53,
1511,929,2020-01-29 15:15:15,
929,1511,2020-01-29 15:15:15,Toxic 
1511,423,2020-09-20 10:34:28,Toxic 
423,1511,2020-09-20 10:34:28,
1511,852,2019-06-27 07:33:23,Toxic 
852,1511,2019-06-27 07:33:23,
1511,1014,2021-09-02 15:19:11,
1014,1511,2021-09-02 15:19:11,Toxic 
1511,1595,2018-02-17 00:19:18,
1595,1511,2018-02-17 00:19:18,
1511,381,2022-03-19 11:06:03,
381,1511,2022-03-19 11:06:03,
1511,246,2019-11-09 10:33:13,
246,1511,2019-11-09 10:33:13,Toxic 
177,608,2017-11-04 07:06:04,
608,177,2017-11-04 07:06:04,Toxic 
177,1040,2020-04-21 12:03:40,
1040,177,2020-04-21 12:03:40,Toxic 
177,1995,2022-03-27 08:18:31,
1995,177,2022-03-27 08:18:31,
177,1878,2020-05-31 13:55:13,
1878,177,2020-05-31 13:55:13,
177,668,2021-01-31 08:04:43,Toxic 
668,177,2021-01-31 08:04:43,
177,361,2018-07-18 04:39:15,
361,177,2018-07-18 04:39:15,
177,150,2019-07-15 01:37:41,Toxic 
150,177,2019-07-15 01:37:41,
365,301,2022-04-28 14:46:51,Toxic 
301,365,2022-04-28 14:46:51,
365,1016,2018-04-18 02:21:49,Toxic 
1016,365,2018-04-18 02:21:49,
365,1734,2021-07-04 02:38:55,
1734,365,2021-07-04 02:38:55,
365,680,2021-06-12 08:20:30,
680,365,2021-06-12 08:20:30,
365,1614,2022-03-17 09:52:39,
1614,365,2022-03-17 09:52:39,
365,196,2017-06-07 07:46:42,Toxic 
196,365,2017-06-07 07:46:42,Toxic 
365,973,2017-07-17 16:22:07,
973,365,2017-07-17 16:22:07,
365,1576,2018-01-09 09:39:33,Toxic 
1576,365,2018-01-09 09:39:33,
365,869,2019-07-04 07:35:27,
869,365,2019-07-04 07:35:27,
365,114,2020-10-29 06:20:02,
114,365,2020-10-29 06:20:02,Toxic 
365,1259,2020-02-18 20:26:21,Toxic 
1259,365,2020-02-18 20:26:21,
365,787,2020-03-08 03:24:56,
787,365,2020-03-08 03:24:56,
365,1274,2019-11-10 04:24:53,
1274,365,2019-11-10 04:24:53,
935,1574,2019-02-25 23:46:42,
1574,935,2019-02-25 23:46:42,Toxic 
464,790,2018-08-16 02:41:11,
790,464,2018-08-16 02:41:11,Toxic 
464,1391,2018-03-15 20:49:27,
1391,464,2018-03-15 20:49:27,
464,1400,2021-12-20 11:29:13,Toxic 
1400,464,2021-12-20 11:29:13,
464,216,2022-02-25 07:43:32,
216,464,2022-02-25 07:43:32,
1655,1275,2019-10-21 10:54:13,
1275,1655,2019-10-21 10:54:13,Toxic 
1655,1256,2021-09-06 00:29:36,
1256,1655,2021-09-06 00:29:36,Toxic 
1655,108,2020-03-29 23:48:42,
108,1655,2020-03-29 23:48:42,Toxic 
1655,878,2021-12-11 04:21:07,Toxic 
878,1655,2021-12-11 04:21:07,
1655,1768,2020-12-02 19:25:52,
1768,1655,2020-12-02 19:25:52,Toxic 
1655,1601,2019-04-01 15:02:57,Toxic 
1601,1655,2019-04-01 15:02:57,
1655,1686,2017-07-28 10:43:49,
1686,1655,2017-07-28 10:43:49,Toxic 
1655,1778,2018-08-17 16:01:36,
1778,1655,2018-08-17 16:01:36,
1655,381,2022-03-05 09:01:09,
381,1655,2022-03-05 09:01:09,
1195,1737,2020-06-21 15:25:57,Toxic 
1737,1195,2020-06-21 15:25:57,Toxic 
1195,657,2019-07-18 07:22:20,Toxic 
657,1195,2019-07-18 07:22:20,
1195,1334,2021-03-12 14:53:35,Toxic 
1334,1195,2021-03-12 14:53:35,
1348,1087,2019-03-13 05:09:37,
1087,1348,2019-03-13 05:09:37,
1348,1005,2020-03-11 18:57:02,
1005,1348,2020-03-11 18:57:02,
1348,516,2020-10-06 23:43:52,Toxic 
516,1348,2020-10-06 23:43:52,
1348,517,2021-01-12 06:35:06,Toxic 
517,1348,2021-01-12 06:35:06,
1348,230,2022-05-22 03:03:12,
230,1348,2022-05-22 03:03:12,
75,1101,2018-03-26 04:01:51,Toxic 
1101,75,2018-03-26 04:01:51,Toxic 
75,1156,2018-04-15 07:30:29,
1156,75,2018-04-15 07:30:29,Toxic 
75,1130,2021-01-02 13:38:38,
1130,75,2021-01-02 13:38:38,Toxic 
75,1827,2021-05-12 04:25:50,
1827,75,2021-05-12 04:25:50,
75,1774,2017-04-04 23:43:49,
1774,75,2017-04-04 23:43:49,Toxic 
75,1732,2019-05-27 23:26:31,
1732,75,2019-05-27 23:26:31,
75,175,2022-03-24 20:54:33,Toxic 
175,75,2022-03-24 20:54:33,Toxic 
75,1567,2020-06-12 04:54:41,
1567,75,2020-06-12 04:54:41,
75,229,2018-09-20 21:20:17,
229,75,2018-09-20 21:20:17,
408,1956,2018-08-01 23:08:25,Toxic 
1956,408,2018-08-01 23:08:25,
408,691,2017-07-19 19:27:11,
691,408,2017-07-19 19:27:11,Toxic 
408,242,2018-10-03 09:12:40,Toxic 
242,408,2018-10-03 09:12:40,
408,1818,2021-01-23 00:39:05,
1818,408,2021-01-23 00:39:05,
408,1810,2019-07-06 15:55:42,
1810,408,2019-07-06 15:55:42,Toxic 
408,60,2022-04-06 20:36:50,Toxic 
60,408,2022-04-06 20:36:50,
408,668,2020-08-04 01:46:35,Toxic 
668,408,2020-08-04 01:46:35,
1539,1508,2021-08-03 20:33:22,Toxic 
1508,1539,2021-08-03 20:33:22,
1539,1181,2020-05-26 17:16:07,
1181,1539,2020-05-26 17:16:07,
1539,1772,2017-05-01 01:58:09,Toxic 
1772,1539,2017-05-01 01:58:09,Toxic 
1539,508,2017-11-17 02:27:52,
508,1539,2017-11-17 02:27:52,Toxic 
1539,553,2022-05-22 19:11:45,
553,1539,2022-05-22 19:11:45,
1539,1535,2017-09-26 04:40:23,
1535,1539,2017-09-26 04:40:23,Toxic 
1539,300,2017-11-05 12:46:46,
300,1539,2017-11-05 12:46:46,Toxic 
1539,270,2020-12-20 10:21:55,Toxic 
270,1539,2020-12-20 10:21:55,Toxic 
1539,1460,2019-11-08 07:57:21,
1460,1539,2019-11-08 07:57:21,Toxic 
1539,1335,2022-01-30 11:06:31,
1335,1539,2022-01-30 11:06:31,
1539,1077,2017-07-01 21:48:01,Toxic 
1077,1539,2017-07-01 21:48:01,Toxic 
1539,876,2021-12-08 21:58:28,Toxic 
876,1539,2021-12-08 21:58:28,Toxic 
40,1894,2018-09-26 13:46:09,
1894,40,2018-09-26 13:46:09,Toxic 
40,1885,2017-06-11 18:24:23,Toxic 
1885,40,2017-06-11 18:24:23,Toxic 
40,357,2017-10-29 13:51:19,
357,40,2017-10-29 13:51:19,Toxic 
40,1594,2022-04-01 11:18:30,
1594,40,2022-04-01 11:18:30,
40,436,2017-12-23 00:35:55,
436,40,2017-12-23 00:35:55,
40,1895,2018-05-29 11:12:54,Toxic 
1895,40,2018-05-29 11:12:54,Toxic 
40,1730,2019-01-13 14:14:29,
1730,40,2019-01-13 14:14:29,
40,50,2021-09-13 17:18:35,
50,40,2021-09-13 17:18:35,
40,621,2020-07-09 07:05:21,
621,40,2020-07-09 07:05:21,
40,1429,2020-06-01 15:24:20,
1429,40,2020-06-01 15:24:20,Toxic 
40,480,2019-07-18 05:01:48,Toxic 
480,40,2019-07-18 05:01:48,
40,1143,2017-04-06 05:18:43,
1143,40,2017-04-06 05:18:43,
40,608,2019-02-21 05:56:27,
608,40,2019-02-21 05:56:27,Toxic 
1292,245,2022-04-29 00:07:13,
245,1292,2022-04-29 00:07:13,
1292,1708,2020-06-24 22:55:04,
1708,1292,2020-06-24 22:55:04,
215,1336,2021-09-11 18:53:59,
1336,215,2021-09-11 18:53:59,Toxic 
215,1589,2018-10-31 08:08:11,
1589,215,2018-10-31 08:08:11,
215,387,2020-03-24 21:29:12,
387,215,2020-03-24 21:29:12,Toxic 
215,995,2021-10-01 22:03:34,
995,215,2021-10-01 22:03:34,
215,1065,2022-02-12 10:24:43,Toxic 
1065,215,2022-02-12 10:24:43,
215,1600,2019-01-17 15:15:43,
1600,215,2019-01-17 15:15:43,
215,1108,2021-10-29 19:14:41,
1108,215,2021-10-29 19:14:41,Toxic 
215,1364,2020-04-28 01:58:50,Toxic 
1364,215,2020-04-28 01:58:50,Toxic 
215,1973,2020-02-11 21:21:49,
1973,215,2020-02-11 21:21:49,
215,876,2019-06-18 14:41:21,
876,215,2019-06-18 14:41:21,
215,1176,2018-02-20 15:26:54,
1176,215,2018-02-20 15:26:54,Toxic 
215,108,2021-12-24 07:36:44,
108,215,2021-12-24 07:36:44,
215,1687,2018-12-30 18:58:35,Toxic 
1687,215,2018-12-30 18:58:35,
886,1411,2019-08-28 04:03:18,
1411,886,2019-08-28 04:03:18,
886,1205,2022-03-20 05:59:13,Toxic 
1205,886,2022-03-20 05:59:13,
886,1584,2019-07-07 18:09:59,Toxic 
1584,886,2019-07-07 18:09:59,
886,497,2022-03-26 21:04:05,Toxic 
497,886,2022-03-26 21:04:05,
886,351,2020-03-20 09:36:16,Toxic 
351,886,2020-03-20 09:36:16,
886,1643,2017-08-11 22:56:24,
1643,886,2017-08-11 22:56:24,
886,1941,2020-10-30 15:06:27,
1941,886,2020-10-30 15:06:27,Toxic 
886,1021,2019-11-02 12:46:59,
1021,886,2019-11-02 12:46:59,
886,913,2021-11-13 13:07:35,Toxic 
913,886,2021-11-13 13:07:35,Toxic 
886,800,2020-12-22 05:18:17,
800,886,2020-12-22 05:18:17,
886,1740,2017-05-30 21:33:38,
1740,886,2017-05-30 21:33:38,Toxic 
886,610,2019-12-29 00:41:19,
610,886,2019-12-29 00:41:19,
916,1802,2018-05-21 01:33:59,
1802,916,2018-05-21 01:33:59,
916,560,2017-05-20 18:20:07,Toxic 
560,916,2017-05-20 18:20:07,
916,1658,2020-09-18 20:00:10,Toxic 
1658,916,2020-09-18 20:00:10,
916,995,2022-02-21 11:50:42,Toxic 
995,916,2022-02-21 11:50:42,
916,497,2019-10-07 16:42:37,
497,916,2019-10-07 16:42:37,
75,376,2017-11-21 01:24:29,
376,75,2017-11-21 01:24:29,Toxic 
75,1316,2017-07-19 17:06:26,
1316,75,2017-07-19 17:06:26,Toxic 
75,1072,2019-05-11 16:08:55,Toxic 
1072,75,2019-05-11 16:08:55,
75,184,2021-11-12 17:27:45,Toxic 
184,75,2021-11-12 17:27:45,
75,1659,2021-09-21 07:32:37,
1659,75,2021-09-21 07:32:37,
1605,1715,2019-08-29 17:43:24,
1715,1605,2019-08-29 17:43:24,Toxic 
1605,1032,2017-08-26 16:27:44,
1032,1605,2017-08-26 16:27:44,
1605,109,2017-05-05 22:19:14,
109,1605,2017-05-05 22:19:14,
1605,407,2017-10-09 00:49:27,Toxic 
407,1605,2017-10-09 00:49:27,
1605,493,2019-07-29 07:49:26,
493,1605,2019-07-29 07:49:26,
1605,987,2017-07-27 06:28:44,Toxic 
987,1605,2017-07-27 06:28:44,
1605,891,2018-12-07 01:30:45,Toxic 
891,1605,2018-12-07 01:30:45,
1605,1316,2018-06-10 19:50:40,
1316,1605,2018-06-10 19:50:40,
1684,1410,2022-01-01 02:44:35,Toxic 
1410,1684,2022-01-01 02:44:35,
1684,273,2020-09-07 16:48:12,Toxic 
273,1684,2020-09-07 16:48:12,
1684,409,2022-05-27 06:39:15,
409,1684,2022-05-27 06:39:15,
1684,1469,2022-05-03 05:54:43,
1469,1684,2022-05-03 05:54:43,
1684,1055,2022-02-07 19:47:41,
1055,1684,2022-02-07 19:47:41,
1684,30,2019-05-18 00:12:24,
30,1684,2019-05-18 00:12:24,
1684,438,2020-01-30 12:53:27,
438,1684,2020-01-30 12:53:27,
1428,1268,2022-04-04 16:01:37,
1268,1428,2022-04-04 16:01:37,
1428,720,2021-07-20 20:32:20,
720,1428,2021-07-20 20:32:20,
1428,1341,2017-12-01 09:47:53,Toxic 
1341,1428,2017-12-01 09:47:53,Toxic 
1428,1567,2019-02-28 23:00:53,Toxic 
1567,1428,2019-02-28 23:00:53,
1428,312,2020-03-27 05:22:45,
312,1428,2020-03-27 05:22:45,Toxic 
1428,1825,2022-02-06 08:50:12,
1825,1428,2022-02-06 08:50:12,
1428,1912,2021-12-12 04:33:45,
1912,1428,2021-12-12 04:33:45,
1428,1199,2022-03-04 22:51:09,Toxic 
1199,1428,2022-03-04 22:51:09,
1466,258,2020-04-20 18:14:09,
258,1466,2020-04-20 18:14:09,
1466,1959,2022-02-24 22:46:51,
1959,1466,2022-02-24 22:46:51,
1466,1766,2021-05-31 03:36:37,Toxic 
1766,1466,2021-05-31 03:36:37,
1466,475,2019-03-05 14:02:16,
475,1466,2019-03-05 14:02:16,
1466,1025,2018-11-14 08:22:59,
1025,1466,2018-11-14 08:22:59,Toxic 
1810,748,2019-10-28 23:02:34,
748,1810,2019-10-28 23:02:34,Toxic 
408,136,2020-09-27 06:04:07,
136,408,2020-09-27 06:04:07,Toxic 
408,674,2021-02-06 22:51:10,
674,408,2021-02-06 22:51:10,
408,41,2022-05-29 08:13:17,
41,408,2022-05-29 08:13:17,
408,1437,2017-07-16 06:09:49,
1437,408,2017-07-16 06:09:49,
408,828,2022-01-03 03:22:05,Toxic 
828,408,2022-01-03 03:22:05,
408,1077,2019-10-21 12:54:07,
1077,408,2019-10-21 12:54:07,Toxic 
408,802,2019-07-27 13:42:59,
802,408,2019-07-27 13:42:59,
408,1063,2017-06-21 16:53:52,Toxic 
1063,408,2017-06-21 16:53:52,
1982,1364,2017-08-20 06:18:37,
1364,1982,2017-08-20 06:18:37,
1982,321,2019-01-12 23:46:03,Toxic 
321,1982,2019-01-12 23:46:03,
1982,29,2019-07-30 09:15:47,Toxic 
29,1982,2019-07-30 09:15:47,
1982,508,2018-11-07 21:32:09,Toxic 
508,1982,2018-11-07 21:32:09,Toxic 
1982,956,2020-06-28 10:31:44,Toxic 
956,1982,2020-06-28 10:31:44,Toxic 
1982,1461,2022-03-07 03:40:30,Toxic 
1461,1982,2022-03-07 03:40:30,Toxic 
1982,479,2022-03-01 17:28:39,Toxic 
479,1982,2022-03-01 17:28:39,Toxic 
1982,1255,2017-12-03 22:12:29,Toxic 
1255,1982,2017-12-03 22:12:29,
272,1162,2019-05-23 12:45:23,
1162,272,2019-05-23 12:45:23,Toxic 
272,130,2017-10-21 15:11:35,
130,272,2017-10-21 15:11:35,Toxic 
272,694,2021-01-28 15:29:51,Toxic 
694,272,2021-01-28 15:29:51,Toxic 
272,1043,2017-10-01 14:48:33,Toxic 
1043,272,2017-10-01 14:48:33,Toxic 
272,632,2018-06-19 00:21:00,
632,272,2018-06-19 00:21:00,
272,209,2017-05-26 09:15:55,Toxic 
209,272,2017-05-26 09:15:55,
272,89,2019-01-05 18:54:38,
89,272,2019-01-05 18:54:38,
272,1151,2019-08-10 00:49:59,Toxic 
1151,272,2019-08-10 00:49:59,
272,856,2022-01-19 23:50:48,
856,272,2022-01-19 23:50:48,Toxic 
1745,840,2021-02-04 01:00:52,
840,1745,2021-02-04 01:00:52,
1745,813,2020-11-01 18:01:12,Toxic 
813,1745,2020-11-01 18:01:12,Toxic 
1745,239,2018-09-25 22:57:52,
239,1745,2018-09-25 22:57:52,Toxic 
1745,1258,2019-01-19 19:16:33,
1258,1745,2019-01-19 19:16:33,Toxic 
1745,775,2021-12-25 15:29:14,
775,1745,2021-12-25 15:29:14,Toxic 
1745,1987,2020-09-11 10:34:35,
1987,1745,2020-09-11 10:34:35,Toxic 
1745,1169,2019-06-04 00:00:54,
1169,1745,2019-06-04 00:00:54,
1745,1803,2021-06-22 09:13:33,
1803,1745,2021-06-22 09:13:33,Toxic 
1745,51,2021-04-13 03:50:07,
51,1745,2021-04-13 03:50:07,
1927,1296,2021-05-08 19:17:24,
1296,1927,2021-05-08 19:17:24,
1858,1639,2019-04-11 00:56:03,
1639,1858,2019-04-11 00:56:03,Toxic 
1858,408,2022-03-16 13:06:00,
408,1858,2022-03-16 13:06:00,
1858,1153,2017-05-15 16:51:05,
1153,1858,2017-05-15 16:51:05,
1858,98,2020-11-26 04:51:45,
98,1858,2020-11-26 04:51:45,Toxic 
1858,688,2017-05-09 12:34:46,Toxic 
688,1858,2017-05-09 12:34:46,
1858,1096,2017-08-29 22:13:55,
1096,1858,2017-08-29 22:13:55,
1858,1952,2020-08-29 06:52:26,
1952,1858,2020-08-29 06:52:26,Toxic 
1858,1407,2022-01-20 02:18:36,
1407,1858,2022-01-20 02:18:36,
1858,996,2022-01-30 05:45:05,
996,1858,2022-01-30 05:45:05,Toxic 
1858,169,2022-05-09 05:13:33,
169,1858,2022-05-09 05:13:33,Toxic 
1858,724,2021-06-15 09:18:09,Toxic 
724,1858,2021-06-15 09:18:09,
1858,1185,2017-10-23 07:47:29,
1185,1858,2017-10-23 07:47:29,Toxic 
1858,462,2021-05-04 02:47:53,
462,1858,2021-05-04 02:47:53,Toxic 
1562,709,2017-06-19 16:22:37,
709,1562,2017-06-19 16:22:37,
1562,796,2018-01-24 18:30:23,Toxic 
796,1562,2018-01-24 18:30:23,
1562,1760,2019-05-14 18:08:34,
1760,1562,2019-05-14 18:08:34,
1562,743,2022-05-03 21:15:31,
743,1562,2022-05-03 21:15:31,Toxic 
1562,28,2017-06-12 00:50:04,
28,1562,2017-06-12 00:50:04,Toxic 
1562,413,2017-04-19 08:35:48,
413,1562,2017-04-19 08:35:48,Toxic 
1562,1057,2021-06-01 12:00:57,
1057,1562,2021-06-01 12:00:57,
1562,1315,2021-03-26 13:56:22,Toxic 
1315,1562,2021-03-26 13:56:22,
1562,773,2017-06-06 12:13:02,
773,1562,2017-06-06 12:13:02,
23,1682,2019-04-15 16:24:42,
1682,23,2019-04-15 16:24:42,Toxic 
23,1721,2017-07-03 20:09:04,
1721,23,2017-07-03 20:09:04,Toxic 
23,339,2021-01-06 02:10:59,
339,23,2021-01-06 02:10:59,
23,623,2021-05-29 14:49:13,
623,23,2021-05-29 14:49:13,
23,1877,2017-07-04 05:53:38,Toxic 
1877,23,2017-07-04 05:53:38,
23,344,2018-07-17 12:19:41,
344,23,2018-07-17 12:19:41,
23,573,2018-10-04 09:49:01,
573,23,2018-10-04 09:49:01,Toxic 
23,1341,2019-03-26 15:17:01,Toxic 
1341,23,2019-03-26 15:17:01,
1166,923,2019-05-22 10:25:34,
923,1166,2019-05-22 10:25:34,
1166,476,2018-09-20 17:44:33,Toxic 
476,1166,2018-09-20 17:44:33,
1166,926,2019-10-19 05:56:08,
926,1166,2019-10-19 05:56:08,
1166,1132,2019-04-09 16:51:55,Toxic 
1132,1166,2019-04-09 16:51:55,
1166,152,2022-01-18 01:54:27,Toxic 
152,1166,2022-01-18 01:54:27,
1870,778,2017-05-26 23:14:41,
778,1870,2017-05-26 23:14:41,Toxic 
1870,508,2017-12-04 18:38:21,Toxic 
508,1870,2017-12-04 18:38:21,Toxic 
1870,1724,2020-08-18 07:07:00,
1724,1870,2020-08-18 07:07:00,Toxic 
1450,773,2020-09-11 16:48:05,Toxic 
773,1450,2020-09-11 16:48:05,
1450,378,2020-12-08 05:34:11,Toxic 
378,1450,2020-12-08 05:34:11,
1780,1981,2017-04-29 13:42:46,
1981,1780,2017-04-29 13:42:46,
1780,1810,2020-12-13 05:12:50,Toxic 
1810,1780,2020-12-13 05:12:50,Toxic 
1780,1373,2019-11-12 04:09:06,Toxic 
1373,1780,2019-11-12 04:09:06,
474,885,2018-06-02 01:05:58,
885,474,2018-06-02 01:05:58,
474,1105,2019-10-28 14:03:31,
1105,474,2019-10-28 14:03:31,Toxic 
474,1491,2022-02-25 03:43:43,
1491,474,2022-02-25 03:43:43,
474,1685,2021-07-05 07:25:20,Toxic 
1685,474,2021-07-05 07:25:20,Toxic 
474,634,2018-09-06 05:23:19,
634,474,2018-09-06 05:23:19,
474,388,2019-11-07 20:07:22,
388,474,2019-11-07 20:07:22,
474,1700,2017-12-21 16:41:21,Toxic 
1700,474,2017-12-21 16:41:21,Toxic 
474,679,2022-01-28 07:48:43,
679,474,2022-01-28 07:48:43,
474,62,2019-03-29 13:10:50,
62,474,2019-03-29 13:10:50,Toxic 
474,1296,2021-08-13 10:34:25,
1296,474,2021-08-13 10:34:25,
920,854,2021-09-15 07:50:14,
854,920,2021-09-15 07:50:14,
920,853,2017-07-05 08:09:43,Toxic 
853,920,2017-07-05 08:09:43,
920,752,2021-07-21 17:31:58,Toxic 
752,920,2021-07-21 17:31:58,
920,1061,2020-06-18 18:16:40,
1061,920,2020-06-18 18:16:40,Toxic 
920,1184,2022-01-10 23:15:25,Toxic 
1184,920,2022-01-10 23:15:25,
799,1864,2022-01-23 01:41:50,
1864,799,2022-01-23 01:41:50,Toxic 
799,319,2017-04-14 23:30:45,
319,799,2017-04-14 23:30:45,
799,285,2018-06-19 05:00:36,Toxic 
285,799,2018-06-19 05:00:36,Toxic 
799,1083,2017-07-18 08:48:33,
1083,799,2017-07-18 08:48:33,
799,440,2021-03-28 01:18:45,Toxic 
440,799,2021-03-28 01:18:45,
799,1174,2019-09-12 09:36:06,
1174,799,2019-09-12 09:36:06,
799,1315,2022-02-25 10:33:47,Toxic 
1315,799,2022-02-25 10:33:47,
799,870,2022-04-19 15:47:57,
870,799,2022-04-19 15:47:57,
799,611,2019-06-06 18:54:58,Toxic 
611,799,2019-06-06 18:54:58,
799,1127,2020-06-30 11:33:32,
1127,799,2020-06-30 11:33:32,Toxic 
799,1481,2020-02-14 18:23:26,
1481,799,2020-02-14 18:23:26,Toxic 
799,1710,2022-02-15 04:15:36,Toxic 
1710,799,2022-02-15 04:15:36,Toxic 
1999,1552,2018-05-22 01:18:12,Toxic 
1552,1999,2018-05-22 01:18:12,Toxic 
1999,1998,2021-02-25 23:17:50,
1998,1999,2021-02-25 23:17:50,Toxic 
1999,1750,2021-04-19 19:32:18,
1750,1999,2021-04-19 19:32:18,
284,1575,2021-07-17 14:38:05,
1575,284,2021-07-17 14:38:05,
284,1814,2020-06-17 14:31:56,
1814,284,2020-06-17 14:31:56,Toxic 
284,1623,2018-08-28 08:34:34,Toxic 
1623,284,2018-08-28 08:34:34,Toxic 
284,841,2022-02-25 12:53:06,Toxic 
841,284,2022-02-25 12:53:06,Toxic 
284,301,2018-11-22 14:09:46,
301,284,2018-11-22 14:09:46,Toxic 
399,1829,2022-05-11 19:19:39,
1829,399,2022-05-11 19:19:39,
399,482,2017-09-16 12:03:11,
482,399,2017-09-16 12:03:11,
399,1085,2020-07-31 02:43:55,Toxic 
1085,399,2020-07-31 02:43:55,
399,412,2020-09-04 00:12:58,
412,399,2020-09-04 00:12:58,Toxic 
399,934,2019-04-21 23:52:47,Toxic 
934,399,2019-04-21 23:52:47,Toxic 
399,1808,2019-11-17 06:58:07,
1808,399,2019-11-17 06:58:07,
399,1296,2020-01-12 18:13:43,
1296,399,2020-01-12 18:13:43,
399,1577,2022-01-28 10:55:43,
1577,399,2022-01-28 10:55:43,Toxic 
399,1342,2019-09-26 13:10:28,
1342,399,2019-09-26 13:10:28,
224,895,2019-05-10 22:57:05,Toxic 
895,224,2019-05-10 22:57:05,Toxic 
224,763,2020-11-06 23:30:09,Toxic 
763,224,2020-11-06 23:30:09,
224,1667,2022-01-14 20:19:29,
1667,224,2022-01-14 20:19:29,
224,1488,2018-03-16 12:05:28,Toxic 
1488,224,2018-03-16 12:05:28,Toxic 
224,1505,2018-05-03 17:14:40,
1505,224,2018-05-03 17:14:40,
224,684,2017-06-03 20:03:23,
684,224,2017-06-03 20:03:23,Toxic 
224,1990,2020-12-30 09:56:55,
1990,224,2020-12-30 09:56:55,Toxic 
224,766,2020-12-27 02:07:07,
766,224,2020-12-27 02:07:07,
1950,1514,2019-08-09 12:39:47,
1514,1950,2019-08-09 12:39:47,
1950,337,2022-03-21 23:53:27,Toxic 
337,1950,2022-03-21 23:53:27,Toxic 
1950,465,2017-12-01 11:44:25,
465,1950,2017-12-01 11:44:25,
1950,1999,2019-12-15 01:01:54,
1999,1950,2019-12-15 01:01:54,
1950,671,2022-02-07 13:53:28,Toxic 
671,1950,2022-02-07 13:53:28,
1950,394,2022-04-09 09:49:26,
394,1950,2022-04-09 09:49:26,
1950,422,2018-03-25 10:51:19,
422,1950,2018-03-25 10:51:19,
1950,1328,2022-04-04 23:05:57,
1328,1950,2022-04-04 23:05:57,
1950,1972,2022-04-28 04:09:27,
1972,1950,2022-04-28 04:09:27,Toxic 
1294,1041,2017-11-27 18:23:28,Toxic 
1041,1294,2017-11-27 18:23:28,Toxic 
1294,1135,2020-11-06 05:16:37,Toxic 
1135,1294,2020-11-06 05:16:37,Toxic 
1294,1175,2021-12-09 05:32:01,
1175,1294,2021-12-09 05:32:01,
1294,1978,2017-06-03 22:00:59,
1978,1294,2017-06-03 22:00:59,Toxic 
1294,1357,2021-01-01 09:39:26,
1357,1294,2021-01-01 09:39:26,Toxic 
1294,627,2019-05-30 20:30:51,
627,1294,2019-05-30 20:30:51,Toxic 
1294,332,2021-02-07 07:40:17,
332,1294,2021-02-07 07:40:17,Toxic 
1751,113,2021-04-02 06:00:20,
113,1751,2021-04-02 06:00:20,
1751,748,2021-01-29 07:44:42,
748,1751,2021-01-29 07:44:42,
1751,857,2021-03-22 14:11:31,
857,1751,2021-03-22 14:11:31,Toxic 
1751,1573,2019-09-14 23:13:09,
1573,1751,2019-09-14 23:13:09,
1751,329,2021-12-31 12:46:37,Toxic 
329,1751,2021-12-31 12:46:37,Toxic 
1751,451,2017-05-21 13:44:27,
451,1751,2017-05-21 13:44:27,
1751,478,2020-06-06 04:38:58,Toxic 
478,1751,2020-06-06 04:38:58,Toxic 
1751,1320,2022-04-27 06:31:58,Toxic 
1320,1751,2022-04-27 06:31:58,
1751,1762,2017-04-18 16:07:58,Toxic 
1762,1751,2017-04-18 16:07:58,Toxic 
1751,978,2022-04-19 21:44:17,
978,1751,2022-04-19 21:44:17,
1751,208,2020-03-10 11:15:47,
208,1751,2020-03-10 11:15:47,Toxic 
1751,2,2022-05-09 05:15:20,Toxic 
2,1751,2022-05-09 05:15:20,
1181,788,2018-01-06 21:40:19,Toxic 
788,1181,2018-01-06 21:40:19,
441,1959,2021-08-16 23:35:11,
1959,441,2021-08-16 23:35:11,
441,1276,2018-12-25 06:05:05,
1276,441,2018-12-25 06:05:05,
441,1747,2018-07-07 22:40:20,Toxic 
1747,441,2018-07-07 22:40:20,
441,55,2021-11-28 18:03:01,Toxic 
55,441,2021-11-28 18:03:01,
441,574,2018-09-13 11:59:14,
574,441,2018-09-13 11:59:14,Toxic 
441,1528,2018-10-16 13:55:16,
1528,441,2018-10-16 13:55:16,
441,806,2017-08-08 18:59:57,Toxic 
806,441,2017-08-08 18:59:57,Toxic 
441,1434,2020-10-22 09:34:27,Toxic 
1434,441,2020-10-22 09:34:27,Toxic 
441,71,2017-08-26 20:57:15,
71,441,2017-08-26 20:57:15,Toxic 
441,149,2017-11-26 15:53:04,
149,441,2017-11-26 15:53:04,